-- phpMyAdmin SQL Dump
-- version 5.2.1
-- https://www.phpmyadmin.net/
--
-- Host: 127.0.0.1
-- Waktu pembuatan: 12 Sep 2023 pada 18.00
-- Versi server: 10.4.28-MariaDB-log
-- Versi PHP: 8.2.4

SET SQL_MODE = "NO_AUTO_VALUE_ON_ZERO";
START TRANSACTION;
SET time_zone = "+00:00";


/*!40101 SET @OLD_CHARACTER_SET_CLIENT=@@CHARACTER_SET_CLIENT */;
/*!40101 SET @OLD_CHARACTER_SET_RESULTS=@@CHARACTER_SET_RESULTS */;
/*!40101 SET @OLD_COLLATION_CONNECTION=@@COLLATION_CONNECTION */;
/*!40101 SET NAMES utf8mb4 */;

--
-- Database: `forecasting`
--

-- --------------------------------------------------------

--
-- Struktur dari tabel `m_bulan`
--

CREATE TABLE `m_bulan` (
  `id_bulan` int(11) NOT NULL,
  `nama_bulan` varchar(123) NOT NULL
) ENGINE=InnoDB DEFAULT CHARSET=utf8mb4 COLLATE=utf8mb4_general_ci;

--
-- Dumping data untuk tabel `m_bulan`
--

INSERT INTO `m_bulan` (`id_bulan`, `nama_bulan`) VALUES
(1, 'Januari'),
(2, 'Februari'),
(3, 'Maret'),
(4, 'April'),
(5, 'Mei'),
(6, 'Juni'),
(7, 'Juli'),
(8, 'Agustus'),
(9, 'September'),
(10, 'Oktober'),
(11, 'November'),
(12, 'Desember');

-- --------------------------------------------------------

--
-- Struktur dari tabel `m_data`
--

CREATE TABLE `m_data` (
  `id_mddata` int(11) NOT NULL,
  `bulan` int(123) NOT NULL,
  `produksi` int(11) NOT NULL,
  `tahun` year(4) NOT NULL
) ENGINE=InnoDB DEFAULT CHARSET=utf8mb4 COLLATE=utf8mb4_general_ci;

--
-- Dumping data untuk tabel `m_data`
--

INSERT INTO `m_data` (`id_mddata`, `bulan`, `produksi`, `tahun`) VALUES
(1, 1, 9758654, '2014'),
(2, 2, 10226899, '2014'),
(3, 3, 9652145, '2014'),
(4, 4, 7948556, '2014'),
(5, 5, 10910157, '2014'),
(6, 6, 9471515, '2014'),
(7, 7, 9277109, '2014'),
(8, 8, 10470156, '2014'),
(9, 9, 10765950, '2014'),
(10, 10, 9971420, '2014'),
(11, 11, 10516901, '2014'),
(12, 12, 11910720, '2014'),
(13, 1, 10423546, '2015'),
(14, 2, 10552470, '2015'),
(15, 3, 11366222, '2015'),
(16, 4, 10426260, '2015'),
(17, 5, 11224788, '2015'),
(18, 6, 12278640, '2015'),
(19, 7, 10776254, '2015'),
(20, 8, 11190516, '2015'),
(21, 9, 10413788, '2015'),
(22, 10, 9824816, '2015'),
(23, 11, 9416234, '2015'),
(24, 12, 8988458, '2015'),
(25, 1, 8387119, '2016'),
(26, 2, 8523578, '2016'),
(27, 3, 9166521, '2016'),
(28, 4, 8281815, '2016'),
(29, 5, 9302930, '2016'),
(30, 6, 9656256, '2016'),
(31, 7, 10760710, '2016'),
(32, 8, 11614628, '2016'),
(33, 9, 12461288, '2016'),
(34, 10, 13953240, '2016'),
(35, 11, 14891196, '2016'),
(36, 12, 16360878, '2016'),
(37, 1, 13614770, '2017'),
(38, 2, 14169090, '2017'),
(39, 3, 12880850, '2017'),
(40, 4, 11075650, '2017'),
(41, 5, 14200400, '2017'),
(42, 6, 11965750, '2017'),
(43, 7, 13050930, '2017'),
(44, 8, 14369130, '2017'),
(45, 9, 13884420, '2017'),
(46, 10, 15106390, '2017'),
(47, 11, 21275530, '2017'),
(48, 12, 20383320, '2017'),
(49, 1, 19933160, '2018'),
(50, 2, 17724814, '2018'),
(51, 3, 16058090, '2018'),
(52, 4, 15034490, '2018'),
(53, 5, 13119620, '2018'),
(54, 6, 14263090, '2018'),
(55, 7, 11854640, '2018'),
(56, 8, 13484110, '2018'),
(57, 9, 12519060, '2018'),
(58, 10, 13366441, '2018'),
(59, 11, 12873590, '2018'),
(60, 12, 16750290, '2018'),
(61, 1, 13409440, '2019'),
(62, 2, 14185050, '2019'),
(63, 3, 13972300, '2019'),
(64, 4, 11969350, '2019'),
(65, 5, 12164890, '2019'),
(66, 6, 13203010, '2019'),
(67, 7, 11108330, '2019'),
(68, 8, 13116390, '2019'),
(69, 9, 14687280, '2019'),
(70, 10, 15116790, '2019'),
(71, 11, 16178290, '2019'),
(72, 12, 25449720, '2019'),
(73, 1, 20722060, '2020'),
(74, 2, 21395330, '2020'),
(75, 3, 19765800, '2020'),
(76, 4, 17218030, '2020'),
(77, 5, 15772260, '2020'),
(78, 6, 13140570, '2020'),
(79, 7, 11425350, '2020'),
(80, 8, 9019280, '2020'),
(81, 9, 13826470, '2020'),
(82, 10, 10035580, '2020'),
(83, 11, 11835050, '2020'),
(84, 12, 12792950, '2020'),
(85, 1, 11560860, '2021'),
(86, 2, 10602820, '2021'),
(87, 3, 11833670, '2021'),
(88, 4, 9908860, '2021'),
(89, 5, 8643750, '2021'),
(90, 6, 9496500, '2021'),
(91, 7, 8262990, '2021'),
(92, 8, 11661530, '2021'),
(93, 9, 10988210, '2021'),
(94, 10, 12338410, '2021'),
(95, 11, 14068610, '2021'),
(96, 12, 20866700, '2021');

-- --------------------------------------------------------

--
-- Struktur dari tabel `m_user`
--

CREATE TABLE `m_user` (
  `id_user` int(11) NOT NULL,
  `username` varchar(123) NOT NULL,
  `password` varchar(123) NOT NULL,
  `role` varchar(10) NOT NULL
) ENGINE=InnoDB DEFAULT CHARSET=utf8mb4 COLLATE=utf8mb4_general_ci;

--
-- Dumping data untuk tabel `m_user`
--

INSERT INTO `m_user` (`id_user`, `username`, `password`, `role`) VALUES
(2, 'admin', 'admin', 'admin');

-- --------------------------------------------------------

--
-- Struktur dari tabel `td_dekompose`
--

CREATE TABLE `td_dekompose` (
  `id_dekompose` int(11) NOT NULL,
  `id_data` int(11) NOT NULL,
  `ma` double DEFAULT NULL,
  `cma` double DEFAULT NULL,
  `x` double DEFAULT NULL,
  `x2` double DEFAULT NULL,
  `xy` double DEFAULT NULL,
  `st` double DEFAULT NULL,
  `tt` double DEFAULT NULL,
  `ct` double DEFAULT NULL,
  `ft` double DEFAULT NULL,
  `mape` bigint(20) DEFAULT NULL
) ENGINE=InnoDB DEFAULT CHARSET=utf8mb4 COLLATE=utf8mb4_general_ci;

--
-- Dumping data untuk tabel `td_dekompose`
--

INSERT INTO `td_dekompose` (`id_dekompose`, `id_data`, `ma`, `cma`, `x`, `x2`, `xy`, `st`, `tt`, `ct`, `ft`, `mape`) VALUES
(4705, 1, 0, 0, 0, 0, 0, 10695541, 0, 1.056, 0, 0),
(4706, 2, 0, 0, 1, 1, 10226899, 10739192, 0, 1.056, 0, 0),
(4707, 3, 0, 0, 2, 4, 19304290, 10782843, 0, 1.02, 0, 0),
(4708, 4, 0, 0, 3, 9, 23845668, 10826494, 0, 0.9, 0, 0),
(4709, 5, 9396563.5, 0, 4, 16, 43640628, 10870145, 0, 0.936, 0, 0),
(4710, 6, 9684439.25, 9540501.375, 5, 25, 47357575, 10913796, 0.87, 0.912, 10913799, 15),
(4711, 7, 9495593.25, 9590016.25, 6, 36, 55662654, 10957447, 0.88, 0.852, 10957450, 18),
(4712, 8, 9401834.25, 9448713.75, 7, 49, 73291092, 11001098, 0.86, 0.924, 11001101, 5),
(4713, 9, 10032234.25, 9717034.25, 8, 64, 86127600, 11044749, 0.88, 0.972, 11044752, 3),
(4714, 10, 9996182.5, 10014208.375, 9, 81, 89742780, 11088400, 0.9, 0.972, 11088403, 11),
(4715, 11, 10121158.75, 10058670.625, 10, 100, 105169010, 11132051, 0.9, 1.092, 11132054, 6),
(4716, 12, 10431106.75, 10276132.75, 11, 121, 131017920, 11175702, 0.92, 1.308, 11175705, 6),
(4717, 13, 10791247.75, 10611177.25, 12, 144, 125082552, 11219353, 0.95, 1.056, 11219356, 8),
(4718, 14, 10705646.75, 10748447.25, 13, 169, 137182110, 11263004, 0.95, 1.056, 11263007, 7),
(4719, 15, 10850909.25, 10778278, 14, 196, 159127108, 11306655, 0.95, 1.02, 11306658, 1),
(4720, 16, 11063239.5, 10957074.375, 15, 225, 156393900, 11350306, 0.97, 0.9, 11350309, 9),
(4721, 17, 10692124.5, 10877682, 16, 256, 179596608, 11393957, 0.95, 0.936, 11393960, 2),
(4722, 18, 10892435, 10792279.75, 17, 289, 208736880, 11437608, 0.94, 0.912, 11437611, 7),
(4723, 19, 11323977.5, 11108206.25, 18, 324, 193972572, 11481259, 0.97, 0.852, 11481262, 7),
(4724, 20, 11176485.5, 11250231.5, 19, 361, 212619804, 11524910, 0.98, 0.924, 11524913, 3),
(4725, 21, 11367549.5, 11272017.5, 20, 400, 208275760, 11568561, 0.97, 0.972, 11568564, 11),
(4726, 22, 11164799.5, 11266174.5, 21, 441, 206321136, 11612212, 0.97, 0.972, 11612215, 18),
(4727, 23, 10551343.5, 10858071.5, 22, 484, 207157148, 11655863, 0.93, 1.092, 11655866, 24),
(4728, 24, 10211338.5, 10381341, 23, 529, 206734534, 11699514, 0.89, 1.308, 11699517, 30),
(4729, 25, 9660824, 9936081.25, 24, 576, 201290856, 11743165, 0.85, 1.056, 11743168, 40),
(4730, 26, 9154156.75, 9407490.375, 25, 625, 213089450, 11786816, 0.8, 1.056, 11786819, 38),
(4731, 27, 8828847.25, 8991502, 26, 676, 238329546, 11830467, 0.76, 1.02, 11830470, 29),
(4732, 28, 8766419, 8797633.125, 27, 729, 223609005, 11874118, 0.74, 0.9, 11874121, 43),
(4733, 29, 8589758.25, 8678088.625, 28, 784, 260482040, 11917769, 0.73, 0.936, 11917772, 28),
(4734, 30, 8818711, 8704234.625, 29, 841, 280031424, 11961420, 0.73, 0.912, 11961423, 24),
(4735, 31, 9101880.5, 8960295.75, 30, 900, 322821300, 12005071, 0.75, 0.852, 12005074, 12),
(4736, 32, 9500427.75, 9301154.125, 31, 961, 360053468, 12048722, 0.77, 0.924, 12048725, 4),
(4737, 33, 10333631, 9917029.375, 32, 1024, 398761216, 12092373, 0.82, 0.972, 12092376, 3),
(4738, 34, 11123220.5, 10728425.75, 33, 1089, 460456920, 12136024, 0.88, 0.972, 12136027, 13),
(4739, 35, 12197466.5, 11660343.5, 34, 1156, 506300664, 12179675, 0.96, 1.092, 12179678, 18),
(4740, 36, 13230088, 12713777.25, 35, 1225, 572630730, 12223326, 1.04, 1.308, 12223329, 25),
(4741, 37, 14416650.5, 13823369.25, 36, 1296, 490131720, 12266977, 1.13, 1.056, 12266980, 10),
(4742, 38, 14705021, 14560835.75, 37, 1369, 524256330, 12310628, 1.18, 1.056, 12310631, 13),
(4743, 39, 14758983.5, 14732002.25, 38, 1444, 489472300, 12354279, 1.19, 1.02, 12354282, 4),
(4744, 40, 14256397, 14507690.25, 39, 1521, 431950350, 12397930, 1.17, 0.9, 12397933, 12),
(4745, 41, 12935090, 13595743.5, 40, 1600, 568016000, 12441581, 1.09, 0.936, 12441584, 12),
(4746, 42, 13081497.5, 13008293.75, 41, 1681, 490595750, 12485232, 1.04, 0.912, 12485235, 4),
(4747, 43, 12530662.5, 12806080, 42, 1764, 548139060, 12528883, 1.02, 0.852, 12528886, 4),
(4748, 44, 12573182.5, 12551922.5, 43, 1849, 617872590, 12572534, 1, 0.924, 12572537, 13),
(4749, 45, 13396552.5, 12984867.5, 44, 1936, 610914480, 12616185, 1.03, 0.972, 12616188, 9),
(4750, 46, 13317557.5, 13357055, 45, 2025, 679787550, 12659836, 1.06, 0.972, 12659839, 16),
(4751, 47, 14102717.5, 13710137.5, 46, 2116, 978674380, 12703487, 1.08, 1.092, 12703490, 40),
(4752, 48, 16158867.5, 15130792.5, 47, 2209, 958016040, 12747138, 1.19, 1.308, 12747141, 37),
(4753, 49, 17662415, 16910641.25, 48, 2304, 956791680, 12790789, 1.32, 1.056, 12790792, 36),
(4754, 50, 19174600, 18418507.5, 49, 2401, 868515886, 12834440, 1.44, 1.056, 12834443, 28),
(4755, 51, 19829206, 19501903, 50, 2500, 802904500, 12878091, 1.51, 1.02, 12878095, 20),
(4756, 52, 18524846, 19177026, 51, 2601, 766758990, 12921742, 1.48, 0.9, 12921745, 14),
(4757, 53, 17187638.5, 17856242.25, 52, 2704, 682220240, 12965393, 1.38, 0.936, 12965396, 1),
(4758, 54, 15484253.5, 16335946, 53, 2809, 755943770, 13009044, 1.26, 0.912, 13009047, 9),
(4759, 55, 14618822.5, 15051538, 54, 2916, 640150560, 13052695, 1.15, 0.852, 13052698, 10),
(4760, 56, 13567960, 14093391.25, 55, 3025, 741626050, 13096346, 1.08, 0.924, 13096349, 3),
(4761, 57, 13180365, 13374162.5, 56, 3136, 701067360, 13139997, 1.02, 0.972, 13140000, 5),
(4762, 58, 13030225, 13105295, 57, 3249, 761887137, 13183648, 0.99, 0.972, 13183651, 1),
(4763, 59, 12806062.75, 12918143.875, 58, 3364, 746668220, 13227299, 0.98, 1.092, 13227302, 3),
(4764, 60, 13060800.25, 12933431.5, 59, 3481, 988267110, 13270950, 0.97, 1.308, 13270953, 21),
(4765, 61, 13877345.25, 13469072.75, 60, 3600, 804566400, 13314601, 1.01, 1.056, 13314604, 1),
(4766, 62, 14099940.25, 13988642.75, 61, 3721, 865288050, 13358252, 1.05, 1.056, 13358255, 6),
(4767, 63, 14304592.5, 14202266.375, 62, 3844, 866282600, 13401903, 1.06, 1.02, 13401906, 4),
(4768, 64, 14579270, 14441931.25, 63, 3969, 754069050, 13445554, 1.07, 0.9, 13445557, 12),
(4769, 65, 13384035, 13981652.5, 64, 4096, 778552960, 13489205, 1.04, 0.936, 13489208, 11),
(4770, 66, 13072897.5, 13228466.25, 65, 4225, 858195650, 13532856, 0.98, 0.912, 13532859, 3),
(4771, 67, 12827387.5, 12950142.5, 66, 4356, 733149780, 13576507, 0.95, 0.852, 13576510, 22),
(4772, 68, 12111395, 12469391.25, 67, 4489, 878798130, 13620158, 0.92, 0.924, 13620161, 4),
(4773, 69, 12398155, 12254775, 68, 4624, 998735040, 13663809, 0.9, 0.972, 13663812, 7),
(4774, 70, 13028752.5, 12713453.75, 69, 4761, 1043058510, 13707460, 0.93, 0.972, 13707463, 9),
(4775, 71, 13507197.5, 13267975, 70, 4900, 1132480300, 13751111, 0.96, 1.092, 13751114, 15),
(4776, 72, 14774687.5, 14140942.5, 71, 5041, 1806930120, 13794762, 1.03, 1.308, 13794765, 46),
(4777, 73, 17858020, 16316353.75, 72, 5184, 1491988320, 13838413, 1.18, 1.056, 13838416, 33),
(4778, 74, 19366715, 18612367.5, 73, 5329, 1561859090, 13882064, 1.34, 1.056, 13882067, 35),
(4779, 75, 20936350, 20151532.5, 74, 5476, 1462669200, 13925715, 1.45, 1.02, 13925718, 30),
(4780, 76, 21833227.5, 21384788.75, 75, 5625, 1291352250, 13969366, 1.53, 0.9, 13969369, 19),
(4781, 77, 19775305, 20804266.25, 76, 5776, 1198691760, 14013017, 1.48, 0.936, 14013020, 11),
(4782, 78, 18537855, 19156580, 77, 5929, 1011823890, 14056668, 1.36, 0.912, 14056671, 7),
(4783, 79, 16474165, 17506010, 78, 6084, 891177300, 14100319, 1.24, 0.852, 14100322, 23),
(4784, 80, 14389052.5, 15431608.75, 79, 6241, 712523120, 14143970, 1.09, 0.924, 14143973, 57),
(4785, 81, 12339365, 13364208.75, 80, 6400, 1106117600, 14187621, 0.94, 0.972, 14187624, 3),
(4786, 82, 11852917.5, 12096141.25, 81, 6561, 812881980, 14231272, 0.85, 0.972, 14231275, 42),
(4787, 83, 11076670, 11464793.75, 82, 6724, 970474100, 14274923, 0.8, 1.092, 14274926, 21),
(4788, 84, 11179095, 11127882.5, 83, 6889, 1061814850, 14318574, 0.78, 1.308, 14318577, 12),
(4789, 85, 12122512.5, 11650803.75, 84, 7056, 971112240, 14362225, 0.81, 1.056, 14362228, 24),
(4790, 86, 11556110, 11839311.25, 85, 7225, 901239700, 14405876, 0.82, 1.056, 14405879, 36),
(4791, 87, 11697920, 11627015, 86, 7396, 1017695620, 14449527, 0.8, 1.02, 14449530, 22),
(4792, 88, 11697575, 11697747.5, 87, 7569, 862070820, 14493178, 0.81, 0.9, 14493181, 46),
(4793, 89, 10976552.5, 11337063.75, 88, 7744, 760650000, 14536829, 0.78, 0.936, 14536832, 68),
(4794, 90, 10247275, 10611913.75, 89, 7921, 845188500, 14580480, 0.73, 0.912, 14580483, 54),
(4795, 91, 9970695, 10108985, 90, 8100, 743669100, 14624131, 0.69, 0.852, 14624134, 77),
(4796, 92, 9078025, 9524360, 91, 8281, 1061199230, 14667782, 0.65, 0.924, 14667785, 26),
(4797, 93, 9516192.5, 9297108.75, 92, 8464, 1010915320, 14711433, 0.63, 0.972, 14711436, 34),
(4798, 94, 10102307.5, 9809250, 93, 8649, 1147472130, 14755084, 0.66, 0.972, 14755087, 20),
(4799, 95, 10812785, 10457546.25, 94, 8836, 1322449340, 14798735, 0.71, 1.092, 14798738, 5),
(4800, 96, 12264190, 11538487.5, 95, 9025, 1982336500, 14842386, 0.78, 1.308, 14842389, 29);

-- --------------------------------------------------------

--
-- Struktur dari tabel `td_dma`
--

CREATE TABLE `td_dma` (
  `id_dma` int(11) NOT NULL,
  `id_data` int(11) NOT NULL,
  `ma2` int(11) DEFAULT NULL,
  `dma2` int(11) DEFAULT NULL,
  `a` int(11) DEFAULT NULL,
  `b` int(11) DEFAULT NULL,
  `ft` int(11) DEFAULT NULL,
  `error` int(11) DEFAULT NULL,
  `mape` float DEFAULT NULL
) ENGINE=InnoDB DEFAULT CHARSET=utf8mb4 COLLATE=utf8mb4_general_ci;

--
-- Dumping data untuk tabel `td_dma`
--

INSERT INTO `td_dma` (`id_dma`, `id_data`, `ma2`, `dma2`, `a`, `b`, `ft`, `error`, `mape`) VALUES
(1249, 1, 0, 0, 0, 0, 0, 0, 0),
(1250, 2, 0, 0, 0, 0, 0, 0, 0),
(1251, 3, 0, 0, 0, 0, 0, 0, 0),
(1252, 4, 9396564, 0, 0, 0, 0, 0, 0),
(1253, 5, 9684439, 0, 0, 0, 0, 0, 0),
(1254, 6, 9495593, 0, 0, 0, 0, 0, 0),
(1255, 7, 9401834, 9494608, 9309060, -61849, 0, 0, 0),
(1256, 8, 10032234, 9653525, 10410943, 252473, 9247211, 1222945, 11.68),
(1257, 9, 9996183, 9731461, 10260905, 176481, 10663416, 102534, 0.952),
(1258, 10, 10121159, 9887853, 10354465, 155537, 10437386, -465966, 4.673),
(1259, 11, 10431107, 10145171, 10717043, 190624, 10510002, 6899, 0.066),
(1260, 12, 10791248, 10334924, 11247572, 304216, 10907667, 1003053, 8.421),
(1261, 13, 10705647, 10512290, 10899004, 128905, 11551788, -1128242, 10.824),
(1262, 14, 10850909, 10694728, 11007090, 104121, 11027909, -475439, 4.505),
(1263, 15, 11063240, 10852761, 11273719, 140319, 11111211, 255011, 2.244),
(1264, 16, 10692125, 10827980, 10556270, -90570, 11414038, -987778, 9.474),
(1265, 17, 10892435, 10874677, 10910193, 11839, 10465700, 759088, 6.763),
(1266, 18, 11323978, 10992945, 11655011, 220689, 10922032, 1356608, 11.049),
(1267, 19, 11176486, 11021256, 11331716, 103487, 11875700, -1099446, 10.202),
(1268, 20, 11367550, 11190112, 11544988, 118292, 11435203, -244687, 2.187),
(1269, 21, 11164800, 11258204, 11071396, -62269, 11663280, -1249492, 11.998),
(1270, 22, 10551344, 11065045, 10037643, -342467, 11009127, -1184311, 12.054),
(1271, 23, 10211339, 10823758, 9598920, -408279, 9695176, -278942, 2.962),
(1272, 24, 9660824, 10397077, 8924571, -490835, 9190641, -202183, 2.249),
(1273, 25, 9154157, 9894416, 8413898, -493506, 8433736, -46617, 0.556),
(1274, 26, 8828847, 9463792, 8193902, -423297, 7920392, 603186, 7.077),
(1275, 27, 8766419, 9102562, 8430276, -224095, 7770605, 1395916, 15.228),
(1276, 28, 8589758, 8834795, 8344721, -163358, 8206181, 75634, 0.913),
(1277, 29, 8818711, 8750934, 8886488, 45185, 8181363, 1121567, 12.056),
(1278, 30, 9101881, 8819192, 9384570, 188459, 8931673, 724583, 7.504),
(1279, 31, 9500428, 9002695, 9998161, 331822, 9573029, 1187681, 11.037),
(1280, 32, 10333631, 9438663, 11228599, 596645, 10329983, 1284645, 11.061),
(1281, 33, 11123221, 10014790, 12231652, 738954, 11825244, 636044, 5.104),
(1282, 34, 12197467, 10788687, 13606247, 939187, 12970606, 982634, 7.042),
(1283, 35, 13230088, 11721102, 14739074, 1005991, 14545434, 345762, 2.322),
(1284, 36, 14416651, 12741857, 16091445, 1116529, 15745065, 615813, 3.764),
(1285, 37, 14705021, 13637307, 15772735, 711809, 17207974, -3593204, 26.392),
(1286, 38, 14758984, 14277686, 15240282, 320865, 16484544, -2315454, 16.342),
(1287, 39, 14256397, 14534263, 13978531, -185244, 15561147, -2680297, 20.808),
(1288, 40, 12935090, 14163873, 11706307, -819189, 13793287, -2717637, 24.537),
(1289, 41, 13081498, 13757992, 12405004, -450996, 10887118, 3313282, 23.332),
(1290, 42, 12530663, 13200912, 11860414, -446833, 11954008, 11742, 0.098),
(1291, 43, 12573183, 12780109, 12366257, -137951, 11413581, 1637349, 12.546),
(1292, 44, 13396553, 12895474, 13897632, 334053, 12228306, 2140824, 14.899),
(1293, 45, 13317558, 12954489, 13680627, 242046, 14231685, -347265, 2.501),
(1294, 46, 14102718, 13347503, 14857933, 503477, 13922673, 1183717, 7.836),
(1295, 47, 16158868, 14243924, 18073812, 1276629, 15361410, 5914120, 27.798),
(1296, 48, 17662415, 15310390, 20014440, 1568017, 19350441, 1032879, 5.067),
(1297, 49, 19174600, 16774650, 21574550, 1599967, 21582457, -1649297, 8.274),
(1298, 50, 19829206, 18206272, 21452140, 1081956, 23174517, -5449703, 30.746),
(1299, 51, 18524846, 18797767, 18251925, -181947, 22534096, -6476006, 40.329),
(1300, 52, 17187639, 18679073, 15696205, -994289, 18069978, -3035488, 20.19),
(1301, 53, 15484254, 17756486, 13212022, -1514821, 14701916, -1582296, 12.061),
(1302, 54, 14618823, 16453891, 12783755, -1223379, 11697201, 2565889, 17.99),
(1303, 55, 13567960, 15214669, 11921251, -1097806, 11560376, 294264, 2.482),
(1304, 56, 13180365, 14212851, 12147879, -688324, 10823445, 2660665, 19.732),
(1305, 57, 13030225, 13599343, 12461107, -379412, 11459555, 1059505, 8.463),
(1306, 58, 12806063, 13146153, 12465973, -226727, 12081695, 1284746, 9.612),
(1307, 59, 13060800, 13019363, 13102237, 27625, 12239246, 634344, 4.927),
(1308, 60, 13877345, 13193608, 14561082, 455825, 13129862, 3620428, 21.614),
(1309, 61, 14099940, 13461037, 14738843, 425935, 15016907, -1607467, 11.988),
(1310, 62, 14304593, 13835670, 14773516, 312615, 15164778, -979728, 6.907),
(1311, 63, 14579270, 14215287, 14943253, 242655, 15086131, -1113831, 7.972),
(1312, 64, 13384035, 14091960, 12676110, -471950, 15185908, -3216558, 26.873),
(1313, 65, 13072898, 13835199, 12310597, -508201, 12204160, -39270, 0.323),
(1314, 66, 12827388, 13465898, 12188878, -425673, 11802396, 1400614, 10.608),
(1315, 67, 12111395, 12848929, 11373861, -491689, 11763205, -654875, 5.895),
(1316, 68, 12398155, 12602459, 12193851, -136203, 10882172, 2234218, 17.034),
(1317, 69, 13028753, 12591423, 13466083, 291553, 12057648, 2629632, 17.904),
(1318, 70, 13507198, 12761375, 14253021, 497215, 13757636, 1359154, 8.991),
(1319, 71, 14774688, 13427199, 16122177, 898326, 14750236, 1428054, 8.827),
(1320, 72, 17858020, 14792165, 20923875, 2043903, 17020503, 8429217, 33.121),
(1321, 73, 19366715, 16376655, 22356775, 1993373, 22967778, -2245718, 10.837),
(1322, 74, 20936350, 18233943, 23638757, 1801605, 24350148, -2954818, 13.811),
(1323, 75, 21833228, 19998578, 23667878, 1223100, 25440362, -5674562, 28.709),
(1324, 76, 19775305, 20477900, 19072710, -468397, 24890978, -7672948, 44.563),
(1325, 77, 18537855, 20270685, 16805025, -1155220, 18604313, -2832053, 17.956),
(1326, 78, 16474165, 19155138, 13793192, -1787315, 15649805, -2509235, 19.095),
(1327, 79, 14389053, 17294095, 11484011, -1936695, 12005877, -580527, 5.081),
(1328, 80, 12339365, 15435110, 9243620, -2063830, 9547316, -528036, 5.855),
(1329, 81, 11852918, 13763875, 9941961, -1273971, 7179790, 6646680, 48.072),
(1330, 82, 11076670, 12414502, 9738838, -891888, 8667990, 1367590, 13.627),
(1331, 83, 11179095, 11612012, 10746178, -288611, 8846950, 2988100, 25.248),
(1332, 84, 12122513, 11557799, 12687227, 376476, 10457567, 2335383, 18.255),
(1333, 85, 11556110, 11483597, 11628623, 48342, 13063703, -1502843, 12.999),
(1334, 86, 11697920, 11638910, 11756930, 39340, 11676965, -1074145, 10.131),
(1335, 87, 11697575, 11768530, 11626620, -47303, 11796270, 37400, 0.316),
(1336, 88, 10976553, 11482040, 10471066, -336991, 11579317, -1670457, 16.858),
(1337, 89, 10247275, 11154831, 9339719, -605037, 10134075, -1490325, 17.242),
(1338, 90, 9970695, 10723025, 9218365, -501553, 8734682, 761818, 8.022),
(1339, 91, 9078025, 10068137, 8087913, -660075, 8716812, -453822, 5.492),
(1340, 92, 9516193, 9703047, 9329339, -124569, 7427838, 4233692, 36.305),
(1341, 93, 10102308, 9666805, 10537811, 290335, 9204770, 1783440, 16.23),
(1342, 94, 10812785, 9877328, 11748242, 623638, 10828146, 1510264, 12.24),
(1343, 95, 12264190, 10673869, 13854511, 1060214, 12371880, 1696730, 12.06),
(1344, 96, 14565483, 11936192, 17194774, 1752861, 14914725, 5951975, 28.524);

--
-- Indexes for dumped tables
--

--
-- Indeks untuk tabel `m_bulan`
--
ALTER TABLE `m_bulan`
  ADD PRIMARY KEY (`id_bulan`);

--
-- Indeks untuk tabel `m_data`
--
ALTER TABLE `m_data`
  ADD PRIMARY KEY (`id_mddata`);

--
-- Indeks untuk tabel `m_user`
--
ALTER TABLE `m_user`
  ADD PRIMARY KEY (`id_user`);

--
-- Indeks untuk tabel `td_dekompose`
--
ALTER TABLE `td_dekompose`
  ADD PRIMARY KEY (`id_dekompose`);

--
-- Indeks untuk tabel `td_dma`
--
ALTER TABLE `td_dma`
  ADD PRIMARY KEY (`id_dma`);

--
-- AUTO_INCREMENT untuk tabel yang dibuang
--

--
-- AUTO_INCREMENT untuk tabel `m_bulan`
--
ALTER TABLE `m_bulan`
  MODIFY `id_bulan` int(11) NOT NULL AUTO_INCREMENT, AUTO_INCREMENT=13;

--
-- AUTO_INCREMENT untuk tabel `m_data`
--
ALTER TABLE `m_data`
  MODIFY `id_mddata` int(11) NOT NULL AUTO_INCREMENT, AUTO_INCREMENT=101;

--
-- AUTO_INCREMENT untuk tabel `m_user`
--
ALTER TABLE `m_user`
  MODIFY `id_user` int(11) NOT NULL AUTO_INCREMENT, AUTO_INCREMENT=3;

--
-- AUTO_INCREMENT untuk tabel `td_dekompose`
--
ALTER TABLE `td_dekompose`
  MODIFY `id_dekompose` int(11) NOT NULL AUTO_INCREMENT, AUTO_INCREMENT=4801;

--
-- AUTO_INCREMENT untuk tabel `td_dma`
--
ALTER TABLE `td_dma`
  MODIFY `id_dma` int(11) NOT NULL AUTO_INCREMENT, AUTO_INCREMENT=1345;
COMMIT;

/*!40101 SET CHARACTER_SET_CLIENT=@OLD_CHARACTER_SET_CLIENT */;
/*!40101 SET CHARACTER_SET_RESULTS=@OLD_CHARACTER_SET_RESULTS */;
/*!40101 SET COLLATION_CONNECTION=@OLD_COLLATION_CONNECTION */;
