-- phpMyAdmin SQL Dump
-- version 5.2.0
-- https://www.phpmyadmin.net/
--
-- Host: 127.0.0.1
-- Waktu pembuatan: 27 Jun 2023 pada 06.13
-- Versi server: 10.4.27-MariaDB
-- Versi PHP: 7.4.33

SET SQL_MODE = "NO_AUTO_VALUE_ON_ZERO";
START TRANSACTION;
SET time_zone = "+00:00";


/*!40101 SET @OLD_CHARACTER_SET_CLIENT=@@CHARACTER_SET_CLIENT */;
/*!40101 SET @OLD_CHARACTER_SET_RESULTS=@@CHARACTER_SET_RESULTS */;
/*!40101 SET @OLD_COLLATION_CONNECTION=@@COLLATION_CONNECTION */;
/*!40101 SET NAMES utf8mb4 */;

--
-- Database: `forecasting`
--

-- --------------------------------------------------------

--
-- Struktur dari tabel `m_bulan`
--

CREATE TABLE `m_bulan` (
  `id_bulan` int(11) NOT NULL,
  `nama_bulan` varchar(123) NOT NULL
) ENGINE=InnoDB DEFAULT CHARSET=utf8mb4 COLLATE=utf8mb4_general_ci;

--
-- Dumping data untuk tabel `m_bulan`
--

INSERT INTO `m_bulan` (`id_bulan`, `nama_bulan`) VALUES
(1, 'Januari'),
(2, 'Februari'),
(3, 'Maret'),
(4, 'April'),
(5, 'Mei'),
(6, 'Juni'),
(7, 'Juli'),
(8, 'Agustus'),
(9, 'September'),
(10, 'Oktober'),
(11, 'November'),
(12, 'Desember');

-- --------------------------------------------------------

--
-- Struktur dari tabel `m_data`
--

CREATE TABLE `m_data` (
  `id_mddata` int(11) NOT NULL,
  `bulan` int(123) NOT NULL,
  `periode` int(11) NOT NULL,
  `produksi` int(11) NOT NULL,
  `tahun` year(4) NOT NULL
) ENGINE=InnoDB DEFAULT CHARSET=utf8mb4 COLLATE=utf8mb4_general_ci;

--
-- Dumping data untuk tabel `m_data`
--

INSERT INTO `m_data` (`id_mddata`, `bulan`, `periode`, `produksi`, `tahun`) VALUES
(1, 1, 1, 9758654, 2014),
(2, 2, 2, 10226899, 2014),
(3, 3, 3, 9652145, 2014),
(4, 4, 1, 7948556, 2014),
(5, 5, 2, 10910157, 2014),
(6, 6, 3, 9471515, 2014),
(7, 7, 1, 9277109, 2014),
(8, 8, 2, 10470156, 2014),
(9, 9, 3, 10765950, 2014),
(10, 10, 1, 9971420, 2014),
(11, 11, 2, 10516901, 2014),
(12, 12, 3, 11910720, 2014),
(13, 1, 1, 10423546, 2015),
(14, 2, 2, 10552470, 2015),
(15, 3, 3, 11366222, 2015),
(16, 4, 1, 10426260, 2015),
(17, 5, 2, 11224788, 2015),
(18, 6, 3, 12278640, 2015),
(19, 7, 1, 10776254, 2015),
(20, 8, 2, 11190516, 2015),
(21, 9, 3, 10413788, 2015),
(22, 10, 1, 9824816, 2015),
(23, 11, 2, 9416234, 2015),
(24, 12, 3, 8988458, 2015),
(25, 1, 1, 8387119, 2016),
(26, 2, 2, 8523578, 2016),
(27, 3, 3, 9166521, 2016),
(28, 4, 1, 8281815, 2016),
(29, 5, 2, 9302930, 2016),
(30, 6, 3, 9656256, 2016),
(31, 7, 1, 10760710, 2016),
(32, 8, 2, 11614628, 2016),
(33, 9, 3, 12461288, 2016),
(34, 10, 1, 13953240, 2016),
(35, 11, 2, 14891196, 2016),
(36, 12, 3, 16360878, 2016),
(37, 1, 1, 13614770, 2017),
(38, 2, 2, 14169090, 2017),
(39, 3, 3, 12880850, 2017),
(40, 4, 1, 11075650, 2017),
(41, 5, 2, 14200400, 2017),
(42, 6, 3, 11965750, 2017),
(43, 7, 1, 13050930, 2017),
(44, 8, 2, 14369130, 2017),
(45, 9, 3, 13884420, 2017),
(46, 10, 1, 15106390, 2017),
(47, 11, 2, 21275530, 2017),
(48, 12, 3, 20383320, 2017),
(49, 1, 1, 19933160, 2018),
(50, 2, 2, 17724814, 2018),
(51, 3, 3, 16058090, 2018),
(52, 4, 1, 15034490, 2018),
(53, 5, 2, 13119620, 2018),
(54, 6, 3, 14263090, 2018),
(55, 7, 1, 11854640, 2018),
(56, 8, 2, 13484110, 2018),
(57, 9, 3, 12519060, 2018),
(58, 10, 1, 13366441, 2018),
(59, 11, 2, 12873590, 2018),
(60, 12, 3, 16750290, 2018),
(61, 1, 1, 13409440, 2019),
(62, 2, 2, 14185050, 2019),
(63, 3, 3, 13972300, 2019),
(64, 4, 1, 11969350, 2019),
(65, 5, 2, 12164890, 2019),
(66, 6, 3, 13203010, 2019),
(67, 7, 1, 11108330, 2019),
(68, 8, 2, 13116390, 2019),
(69, 9, 3, 14687280, 2019),
(70, 10, 1, 15116790, 2019),
(71, 11, 2, 16178290, 2019),
(72, 12, 3, 25449720, 2019),
(73, 1, 1, 20722060, 2020),
(74, 2, 2, 21395330, 2020),
(75, 3, 3, 19765800, 2020),
(76, 4, 1, 17218030, 2020),
(77, 5, 2, 15772260, 2020),
(78, 6, 3, 13140570, 2020),
(79, 7, 1, 11425350, 2020),
(80, 8, 2, 9019280, 2020),
(81, 9, 3, 13826470, 2020),
(82, 10, 1, 10035580, 2020),
(83, 11, 2, 11835050, 2020),
(84, 12, 3, 12792950, 2020),
(85, 1, 1, 11560860, 2021),
(86, 2, 2, 10602820, 2021),
(87, 3, 3, 11833670, 2021),
(88, 4, 1, 9908860, 2021),
(89, 5, 2, 8643750, 2021),
(90, 6, 3, 9496500, 2021),
(91, 7, 1, 8262990, 2021),
(92, 8, 2, 11661530, 2021),
(93, 9, 3, 10988210, 2021),
(94, 10, 1, 12338410, 2021),
(95, 11, 2, 14068610, 2021),
(96, 12, 3, 20866700, 2021);

-- --------------------------------------------------------

--
-- Struktur dari tabel `m_user`
--

CREATE TABLE `m_user` (
  `id_user` int(11) NOT NULL,
  `username` varchar(123) NOT NULL,
  `password` varchar(123) NOT NULL,
  `role` varchar(10) NOT NULL
) ENGINE=InnoDB DEFAULT CHARSET=utf8mb4 COLLATE=utf8mb4_general_ci;

--
-- Dumping data untuk tabel `m_user`
--

INSERT INTO `m_user` (`id_user`, `username`, `password`, `role`) VALUES
(2, 'admin', 'admin', 'admin');

-- --------------------------------------------------------

--
-- Struktur dari tabel `td_dekompose`
--

CREATE TABLE `td_dekompose` (
  `id_dekompose` int(11) NOT NULL,
  `id_data` int(11) NOT NULL,
  `ma` double DEFAULT NULL,
  `cma` double DEFAULT NULL,
  `x` double DEFAULT NULL,
  `x2` double DEFAULT NULL,
  `xy` double DEFAULT NULL,
  `st` double DEFAULT NULL,
  `tt` double DEFAULT NULL,
  `ct` double DEFAULT NULL,
  `ft` double DEFAULT NULL,
  `mape` bigint(20) DEFAULT NULL
) ENGINE=InnoDB DEFAULT CHARSET=utf8mb4 COLLATE=utf8mb4_general_ci;

--
-- Dumping data untuk tabel `td_dekompose`
--

INSERT INTO `td_dekompose` (`id_dekompose`, `id_data`, `ma`, `cma`, `x`, `x2`, `xy`, `st`, `tt`, `ct`, `ft`, `mape`) VALUES
(193, 1, 0, 0, 0, 0, 0, 10695541, 0, 1.055, 0, 0),
(194, 2, 0, 0, 1, 1, 10226899, 10739192, 0, 1.051, 0, 0),
(195, 3, 0, 0, 2, 4, 19304290, 10782843, 0, 1.025, 0, 0),
(196, 4, 0, 0, 3, 9, 23845668, 10826494, 0, 0.899, 0, 0),
(197, 5, 9396563.5, 0, 4, 16, 43640628, 10870145, 0, 0.933, 0, 0),
(198, 6, 9684439.25, 9540501.375, 5, 25, 47357575, 10913796, 0.87, 0.915, 10913797, 15),
(199, 7, 9495593.25, 9590016.25, 6, 36, 55662654, 10957447, 0.88, 0.847, 10957448, 18),
(200, 8, 9401834.25, 9448713.75, 7, 49, 73291092, 11001098, 0.86, 0.929, 11001099, 5),
(201, 9, 10032234.25, 9717034.25, 8, 64, 86127600, 11044749, 0.88, 0.974, 11044750, 3),
(202, 10, 9996182.5, 10014208.375, 9, 81, 89742780, 11088400, 0.9, 0.976, 11088401, 11),
(203, 11, 10121158.75, 10058670.625, 10, 100, 105169010, 11132051, 0.9, 1.087, 11132052, 6),
(204, 12, 10431106.75, 10276132.75, 11, 121, 131017920, 11175702, 0.92, 1.307, 11175703, 6),
(205, 13, 10791247.75, 10611177.25, 12, 144, 125082552, 11219353, 0.95, 1.055, 11219354, 8),
(206, 14, 10705646.75, 10748447.25, 13, 169, 137182110, 11263004, 0.95, 1.051, 11263005, 7),
(207, 15, 10850909.25, 10778278, 14, 196, 159127108, 11306655, 0.95, 1.025, 11306656, 1),
(208, 16, 11063239.5, 10957074.375, 15, 225, 156393900, 11350306, 0.97, 0.899, 11350307, 9),
(209, 17, 10692124.5, 10877682, 16, 256, 179596608, 11393957, 0.95, 0.933, 11393958, 2),
(210, 18, 10892435, 10792279.75, 17, 289, 208736880, 11437608, 0.94, 0.915, 11437609, 7),
(211, 19, 11323977.5, 11108206.25, 18, 324, 193972572, 11481259, 0.97, 0.847, 11481260, 7),
(212, 20, 11176485.5, 11250231.5, 19, 361, 212619804, 11524910, 0.98, 0.929, 11524911, 3),
(213, 21, 11367549.5, 11272017.5, 20, 400, 208275760, 11568561, 0.97, 0.974, 11568562, 11),
(214, 22, 11164799.5, 11266174.5, 21, 441, 206321136, 11612212, 0.97, 0.976, 11612213, 18),
(215, 23, 10551343.5, 10858071.5, 22, 484, 207157148, 11655863, 0.93, 1.087, 11655864, 24),
(216, 24, 10211338.5, 10381341, 23, 529, 206734534, 11699514, 0.89, 1.307, 11699515, 30),
(217, 25, 9660824, 9936081.25, 24, 576, 201290856, 11743165, 0.85, 1.055, 11743166, 40),
(218, 26, 9154156.75, 9407490.375, 25, 625, 213089450, 11786816, 0.8, 1.051, 11786817, 38),
(219, 27, 8828847.25, 8991502, 26, 676, 238329546, 11830467, 0.76, 1.025, 11830468, 29),
(220, 28, 8766419, 8797633.125, 27, 729, 223609005, 11874118, 0.74, 0.899, 11874119, 43),
(221, 29, 8589758.25, 8678088.625, 28, 784, 260482040, 11917769, 0.73, 0.933, 11917770, 28),
(222, 30, 8818711, 8704234.625, 29, 841, 280031424, 11961420, 0.73, 0.915, 11961421, 24),
(223, 31, 9101880.5, 8960295.75, 30, 900, 322821300, 12005071, 0.75, 0.847, 12005072, 12),
(224, 32, 9500427.75, 9301154.125, 31, 961, 360053468, 12048722, 0.77, 0.929, 12048723, 4),
(225, 33, 10333631, 9917029.375, 32, 1024, 398761216, 12092373, 0.82, 0.974, 12092374, 3),
(226, 34, 11123220.5, 10728425.75, 33, 1089, 460456920, 12136024, 0.88, 0.976, 12136025, 13),
(227, 35, 12197466.5, 11660343.5, 34, 1156, 506300664, 12179675, 0.96, 1.087, 12179676, 18),
(228, 36, 13230088, 12713777.25, 35, 1225, 572630730, 12223326, 1.04, 1.307, 12223327, 25),
(229, 37, 14416650.5, 13823369.25, 36, 1296, 490131720, 12266977, 1.13, 1.055, 12266978, 10),
(230, 38, 14705021, 14560835.75, 37, 1369, 524256330, 12310628, 1.18, 1.051, 12310629, 13),
(231, 39, 14758983.5, 14732002.25, 38, 1444, 489472300, 12354279, 1.19, 1.025, 12354280, 4),
(232, 40, 14256397, 14507690.25, 39, 1521, 431950350, 12397930, 1.17, 0.899, 12397931, 12),
(233, 41, 12935090, 13595743.5, 40, 1600, 568016000, 12441581, 1.09, 0.933, 12441582, 12),
(234, 42, 13081497.5, 13008293.75, 41, 1681, 490595750, 12485232, 1.04, 0.915, 12485233, 4),
(235, 43, 12530662.5, 12806080, 42, 1764, 548139060, 12528883, 1.02, 0.847, 12528884, 4),
(236, 44, 12573182.5, 12551922.5, 43, 1849, 617872590, 12572534, 1, 0.929, 12572535, 13),
(237, 45, 13396552.5, 12984867.5, 44, 1936, 610914480, 12616185, 1.03, 0.974, 12616186, 9),
(238, 46, 13317557.5, 13357055, 45, 2025, 679787550, 12659836, 1.06, 0.976, 12659837, 16),
(239, 47, 14102717.5, 13710137.5, 46, 2116, 978674380, 12703487, 1.08, 1.087, 12703488, 40),
(240, 48, 16158867.5, 15130792.5, 47, 2209, 958016040, 12747138, 1.19, 1.307, 12747139, 37),
(241, 49, 17662415, 16910641.25, 48, 2304, 956791680, 12790789, 1.32, 1.055, 12790790, 36),
(242, 50, 19174600, 18418507.5, 49, 2401, 868515886, 12834440, 1.44, 1.051, 12834441, 28),
(243, 51, 19829206, 19501903, 50, 2500, 802904500, 12878091, 1.51, 1.025, 12878092, 20),
(244, 52, 18524846, 19177026, 51, 2601, 766758990, 12921742, 1.48, 0.899, 12921743, 14),
(245, 53, 17187638.5, 17856242.25, 52, 2704, 682220240, 12965393, 1.38, 0.933, 12965394, 1),
(246, 54, 15484253.5, 16335946, 53, 2809, 755943770, 13009044, 1.26, 0.915, 13009045, 9),
(247, 55, 14618822.5, 15051538, 54, 2916, 640150560, 13052695, 1.15, 0.847, 13052696, 10),
(248, 56, 13567960, 14093391.25, 55, 3025, 741626050, 13096346, 1.08, 0.929, 13096347, 3),
(249, 57, 13180365, 13374162.5, 56, 3136, 701067360, 13139997, 1.02, 0.974, 13139998, 5),
(250, 58, 13030225, 13105295, 57, 3249, 761887137, 13183648, 0.99, 0.976, 13183649, 1),
(251, 59, 12806062.75, 12918143.875, 58, 3364, 746668220, 13227299, 0.98, 1.087, 13227300, 3),
(252, 60, 13060800.25, 12933431.5, 59, 3481, 988267110, 13270950, 0.97, 1.307, 13270951, 21),
(253, 61, 13877345.25, 13469072.75, 60, 3600, 804566400, 13314601, 1.01, 1.055, 13314602, 1),
(254, 62, 14099940.25, 13988642.75, 61, 3721, 865288050, 13358252, 1.05, 1.051, 13358253, 6),
(255, 63, 14304592.5, 14202266.375, 62, 3844, 866282600, 13401903, 1.06, 1.025, 13401904, 4),
(256, 64, 14579270, 14441931.25, 63, 3969, 754069050, 13445554, 1.07, 0.899, 13445555, 12),
(257, 65, 13384035, 13981652.5, 64, 4096, 778552960, 13489205, 1.04, 0.933, 13489206, 11),
(258, 66, 13072897.5, 13228466.25, 65, 4225, 858195650, 13532856, 0.98, 0.915, 13532857, 3),
(259, 67, 12827387.5, 12950142.5, 66, 4356, 733149780, 13576507, 0.95, 0.847, 13576508, 22),
(260, 68, 12111395, 12469391.25, 67, 4489, 878798130, 13620158, 0.92, 0.929, 13620159, 4),
(261, 69, 12398155, 12254775, 68, 4624, 998735040, 13663809, 0.9, 0.974, 13663810, 7),
(262, 70, 13028752.5, 12713453.75, 69, 4761, 1043058510, 13707460, 0.93, 0.976, 13707461, 9),
(263, 71, 13507197.5, 13267975, 70, 4900, 1132480300, 13751111, 0.96, 1.087, 13751112, 15),
(264, 72, 14774687.5, 14140942.5, 71, 5041, 1806930120, 13794762, 1.03, 1.307, 13794763, 46),
(265, 73, 17858020, 16316353.75, 72, 5184, 1491988320, 13838413, 1.18, 1.055, 13838414, 33),
(266, 74, 19366715, 18612367.5, 73, 5329, 1561859090, 13882064, 1.34, 1.051, 13882065, 35),
(267, 75, 20936350, 20151532.5, 74, 5476, 1462669200, 13925715, 1.45, 1.025, 13925716, 30),
(268, 76, 21833227.5, 21384788.75, 75, 5625, 1291352250, 13969366, 1.53, 0.899, 13969367, 19),
(269, 77, 19775305, 20804266.25, 76, 5776, 1198691760, 14013017, 1.48, 0.933, 14013018, 11),
(270, 78, 18537855, 19156580, 77, 5929, 1011823890, 14056668, 1.36, 0.915, 14056669, 7),
(271, 79, 16474165, 17506010, 78, 6084, 891177300, 14100319, 1.24, 0.847, 14100320, 23),
(272, 80, 14389052.5, 15431608.75, 79, 6241, 712523120, 14143970, 1.09, 0.929, 14143971, 57),
(273, 81, 12339365, 13364208.75, 80, 6400, 1106117600, 14187621, 0.94, 0.974, 14187622, 3),
(274, 82, 11852917.5, 12096141.25, 81, 6561, 812881980, 14231272, 0.85, 0.976, 14231273, 42),
(275, 83, 11076670, 11464793.75, 82, 6724, 970474100, 14274923, 0.8, 1.087, 14274924, 21),
(276, 84, 11179095, 11127882.5, 83, 6889, 1061814850, 14318574, 0.78, 1.307, 14318575, 12),
(277, 85, 12122512.5, 11650803.75, 84, 7056, 971112240, 14362225, 0.81, 1.055, 14362226, 24),
(278, 86, 11556110, 11839311.25, 85, 7225, 901239700, 14405876, 0.82, 1.051, 14405877, 36),
(279, 87, 11697920, 11627015, 86, 7396, 1017695620, 14449527, 0.8, 1.025, 14449528, 22),
(280, 88, 11697575, 11697747.5, 87, 7569, 862070820, 14493178, 0.81, 0.899, 14493179, 46),
(281, 89, 10976552.5, 11337063.75, 88, 7744, 760650000, 14536829, 0.78, 0.933, 14536830, 68),
(282, 90, 10247275, 10611913.75, 89, 7921, 845188500, 14580480, 0.73, 0.915, 14580481, 54),
(283, 91, 9970695, 10108985, 90, 8100, 743669100, 14624131, 0.69, 0.847, 14624132, 77),
(284, 92, 9078025, 9524360, 91, 8281, 1061199230, 14667782, 0.65, 0.929, 14667783, 26),
(285, 93, 9516192.5, 9297108.75, 92, 8464, 1010915320, 14711433, 0.63, 0.974, 14711434, 34),
(286, 94, 10102307.5, 9809250, 93, 8649, 1147472130, 14755084, 0.66, 0.976, 14755085, 20),
(287, 95, 10812785, 10457546.25, 94, 8836, 1322449340, 14798735, 0.71, 1.087, 14798736, 5),
(288, 96, 12264190, 11538487.5, 95, 9025, 1982336500, 14842386, 0.78, 1.307, 14842387, 29);

-- --------------------------------------------------------

--
-- Struktur dari tabel `td_dma`
--

CREATE TABLE `td_dma` (
  `id_dma` int(11) NOT NULL,
  `id_data` int(11) NOT NULL,
  `ma2` int(11) DEFAULT NULL,
  `dma2` int(11) DEFAULT NULL,
  `a` int(11) DEFAULT NULL,
  `b` int(11) DEFAULT NULL,
  `ft` int(11) DEFAULT NULL,
  `error` int(11) DEFAULT NULL,
  `mape` float DEFAULT NULL
) ENGINE=InnoDB DEFAULT CHARSET=utf8mb4 COLLATE=utf8mb4_general_ci;

--
-- Dumping data untuk tabel `td_dma`
--

INSERT INTO `td_dma` (`id_dma`, `id_data`, `ma2`, `dma2`, `a`, `b`, `ft`, `error`, `mape`) VALUES
(193, 1, 0, 0, 0, 0, 0, 0, 0),
(194, 2, 0, 0, 0, 0, 0, 0, 0),
(195, 3, 0, 0, 0, 0, 0, 0, 0),
(196, 4, 9396564, 0, 0, 0, 0, 0, 0),
(197, 5, 9684439, 0, 0, 0, 0, 0, 0),
(198, 6, 9495593, 0, 0, 0, 0, 0, 0),
(199, 7, 9401834, 9494608, 9309060, -61849, 0, 0, 0),
(200, 8, 10032234, 9653525, 10410943, 252473, 9247211, 1222945, 11.68),
(201, 9, 9996183, 9731461, 10260905, 176481, 10663416, 102534, 0.952),
(202, 10, 10121159, 9887853, 10354465, 155537, 10437386, -465966, 4.673),
(203, 11, 10431107, 10145171, 10717043, 190624, 10510002, 6899, 0.066),
(204, 12, 10791248, 10334924, 11247572, 304216, 10907667, 1003053, 8.421),
(205, 13, 10705647, 10512290, 10899004, 128905, 11551788, -1128242, 10.824),
(206, 14, 10850909, 10694728, 11007090, 104121, 11027909, -475439, 4.505),
(207, 15, 11063240, 10852761, 11273719, 140319, 11111211, 255011, 2.244),
(208, 16, 10692125, 10827980, 10556270, -90570, 11414038, -987778, 9.474),
(209, 17, 10892435, 10874677, 10910193, 11839, 10465700, 759088, 6.763),
(210, 18, 11323978, 10992945, 11655011, 220689, 10922032, 1356608, 11.049),
(211, 19, 11176486, 11021256, 11331716, 103487, 11875700, -1099446, 10.202),
(212, 20, 11367550, 11190112, 11544988, 118292, 11435203, -244687, 2.187),
(213, 21, 11164800, 11258204, 11071396, -62269, 11663280, -1249492, 11.998),
(214, 22, 10551344, 11065045, 10037643, -342467, 11009127, -1184311, 12.054),
(215, 23, 10211339, 10823758, 9598920, -408279, 9695176, -278942, 2.962),
(216, 24, 9660824, 10397077, 8924571, -490835, 9190641, -202183, 2.249),
(217, 25, 9154157, 9894416, 8413898, -493506, 8433736, -46617, 0.556),
(218, 26, 8828847, 9463792, 8193902, -423297, 7920392, 603186, 7.077),
(219, 27, 8766419, 9102562, 8430276, -224095, 7770605, 1395916, 15.228),
(220, 28, 8589758, 8834795, 8344721, -163358, 8206181, 75634, 0.913),
(221, 29, 8818711, 8750934, 8886488, 45185, 8181363, 1121567, 12.056),
(222, 30, 9101881, 8819192, 9384570, 188459, 8931673, 724583, 7.504),
(223, 31, 9500428, 9002695, 9998161, 331822, 9573029, 1187681, 11.037),
(224, 32, 10333631, 9438663, 11228599, 596645, 10329983, 1284645, 11.061),
(225, 33, 11123221, 10014790, 12231652, 738954, 11825244, 636044, 5.104),
(226, 34, 12197467, 10788687, 13606247, 939187, 12970606, 982634, 7.042),
(227, 35, 13230088, 11721102, 14739074, 1005991, 14545434, 345762, 2.322),
(228, 36, 14416651, 12741857, 16091445, 1116529, 15745065, 615813, 3.764),
(229, 37, 14705021, 13637307, 15772735, 711809, 17207974, -3593204, 26.392),
(230, 38, 14758984, 14277686, 15240282, 320865, 16484544, -2315454, 16.342),
(231, 39, 14256397, 14534263, 13978531, -185244, 15561147, -2680297, 20.808),
(232, 40, 12935090, 14163873, 11706307, -819189, 13793287, -2717637, 24.537),
(233, 41, 13081498, 13757992, 12405004, -450996, 10887118, 3313282, 23.332),
(234, 42, 12530663, 13200912, 11860414, -446833, 11954008, 11742, 0.098),
(235, 43, 12573183, 12780109, 12366257, -137951, 11413581, 1637349, 12.546),
(236, 44, 13396553, 12895474, 13897632, 334053, 12228306, 2140824, 14.899),
(237, 45, 13317558, 12954489, 13680627, 242046, 14231685, -347265, 2.501),
(238, 46, 14102718, 13347503, 14857933, 503477, 13922673, 1183717, 7.836),
(239, 47, 16158868, 14243924, 18073812, 1276629, 15361410, 5914120, 27.798),
(240, 48, 17662415, 15310390, 20014440, 1568017, 19350441, 1032879, 5.067),
(241, 49, 19174600, 16774650, 21574550, 1599967, 21582457, -1649297, 8.274),
(242, 50, 19829206, 18206272, 21452140, 1081956, 23174517, -5449703, 30.746),
(243, 51, 18524846, 18797767, 18251925, -181947, 22534096, -6476006, 40.329),
(244, 52, 17187639, 18679073, 15696205, -994289, 18069978, -3035488, 20.19),
(245, 53, 15484254, 17756486, 13212022, -1514821, 14701916, -1582296, 12.061),
(246, 54, 14618823, 16453891, 12783755, -1223379, 11697201, 2565889, 17.99),
(247, 55, 13567960, 15214669, 11921251, -1097806, 11560376, 294264, 2.482),
(248, 56, 13180365, 14212851, 12147879, -688324, 10823445, 2660665, 19.732),
(249, 57, 13030225, 13599343, 12461107, -379412, 11459555, 1059505, 8.463),
(250, 58, 12806063, 13146153, 12465973, -226727, 12081695, 1284746, 9.612),
(251, 59, 13060800, 13019363, 13102237, 27625, 12239246, 634344, 4.927),
(252, 60, 13877345, 13193608, 14561082, 455825, 13129862, 3620428, 21.614),
(253, 61, 14099940, 13461037, 14738843, 425935, 15016907, -1607467, 11.988),
(254, 62, 14304593, 13835670, 14773516, 312615, 15164778, -979728, 6.907),
(255, 63, 14579270, 14215287, 14943253, 242655, 15086131, -1113831, 7.972),
(256, 64, 13384035, 14091960, 12676110, -471950, 15185908, -3216558, 26.873),
(257, 65, 13072898, 13835199, 12310597, -508201, 12204160, -39270, 0.323),
(258, 66, 12827388, 13465898, 12188878, -425673, 11802396, 1400614, 10.608),
(259, 67, 12111395, 12848929, 11373861, -491689, 11763205, -654875, 5.895),
(260, 68, 12398155, 12602459, 12193851, -136203, 10882172, 2234218, 17.034),
(261, 69, 13028753, 12591423, 13466083, 291553, 12057648, 2629632, 17.904),
(262, 70, 13507198, 12761375, 14253021, 497215, 13757636, 1359154, 8.991),
(263, 71, 14774688, 13427199, 16122177, 898326, 14750236, 1428054, 8.827),
(264, 72, 17858020, 14792165, 20923875, 2043903, 17020503, 8429217, 33.121),
(265, 73, 19366715, 16376655, 22356775, 1993373, 22967778, -2245718, 10.837),
(266, 74, 20936350, 18233943, 23638757, 1801605, 24350148, -2954818, 13.811),
(267, 75, 21833228, 19998578, 23667878, 1223100, 25440362, -5674562, 28.709),
(268, 76, 19775305, 20477900, 19072710, -468397, 24890978, -7672948, 44.563),
(269, 77, 18537855, 20270685, 16805025, -1155220, 18604313, -2832053, 17.956),
(270, 78, 16474165, 19155138, 13793192, -1787315, 15649805, -2509235, 19.095),
(271, 79, 14389053, 17294095, 11484011, -1936695, 12005877, -580527, 5.081),
(272, 80, 12339365, 15435110, 9243620, -2063830, 9547316, -528036, 5.855),
(273, 81, 11852918, 13763875, 9941961, -1273971, 7179790, 6646680, 48.072),
(274, 82, 11076670, 12414502, 9738838, -891888, 8667990, 1367590, 13.627),
(275, 83, 11179095, 11612012, 10746178, -288611, 8846950, 2988100, 25.248),
(276, 84, 12122513, 11557799, 12687227, 376476, 10457567, 2335383, 18.255),
(277, 85, 11556110, 11483597, 11628623, 48342, 13063703, -1502843, 12.999),
(278, 86, 11697920, 11638910, 11756930, 39340, 11676965, -1074145, 10.131),
(279, 87, 11697575, 11768530, 11626620, -47303, 11796270, 37400, 0.316),
(280, 88, 10976553, 11482040, 10471066, -336991, 11579317, -1670457, 16.858),
(281, 89, 10247275, 11154831, 9339719, -605037, 10134075, -1490325, 17.242),
(282, 90, 9970695, 10723025, 9218365, -501553, 8734682, 761818, 8.022),
(283, 91, 9078025, 10068137, 8087913, -660075, 8716812, -453822, 5.492),
(284, 92, 9516193, 9703047, 9329339, -124569, 7427838, 4233692, 36.305),
(285, 93, 10102308, 9666805, 10537811, 290335, 9204770, 1783440, 16.23),
(286, 94, 10812785, 9877328, 11748242, 623638, 10828146, 1510264, 12.24),
(287, 95, 12264190, 10673869, 13854511, 1060214, 12371880, 1696730, 12.06),
(288, 96, 14565483, 11936192, 17194774, 1752861, 14914725, 5951975, 28.524);

--
-- Indexes for dumped tables
--

--
-- Indeks untuk tabel `m_bulan`
--
ALTER TABLE `m_bulan`
  ADD PRIMARY KEY (`id_bulan`);

--
-- Indeks untuk tabel `m_data`
--
ALTER TABLE `m_data`
  ADD PRIMARY KEY (`id_mddata`);

--
-- Indeks untuk tabel `m_user`
--
ALTER TABLE `m_user`
  ADD PRIMARY KEY (`id_user`);

--
-- Indeks untuk tabel `td_dekompose`
--
ALTER TABLE `td_dekompose`
  ADD PRIMARY KEY (`id_dekompose`);

--
-- Indeks untuk tabel `td_dma`
--
ALTER TABLE `td_dma`
  ADD PRIMARY KEY (`id_dma`);

--
-- AUTO_INCREMENT untuk tabel yang dibuang
--

--
-- AUTO_INCREMENT untuk tabel `m_bulan`
--
ALTER TABLE `m_bulan`
  MODIFY `id_bulan` int(11) NOT NULL AUTO_INCREMENT, AUTO_INCREMENT=13;

--
-- AUTO_INCREMENT untuk tabel `m_data`
--
ALTER TABLE `m_data`
  MODIFY `id_mddata` int(11) NOT NULL AUTO_INCREMENT, AUTO_INCREMENT=97;

--
-- AUTO_INCREMENT untuk tabel `m_user`
--
ALTER TABLE `m_user`
  MODIFY `id_user` int(11) NOT NULL AUTO_INCREMENT, AUTO_INCREMENT=3;

--
-- AUTO_INCREMENT untuk tabel `td_dekompose`
--
ALTER TABLE `td_dekompose`
  MODIFY `id_dekompose` int(11) NOT NULL AUTO_INCREMENT, AUTO_INCREMENT=289;

--
-- AUTO_INCREMENT untuk tabel `td_dma`
--
ALTER TABLE `td_dma`
  MODIFY `id_dma` int(11) NOT NULL AUTO_INCREMENT, AUTO_INCREMENT=289;
COMMIT;

/*!40101 SET CHARACTER_SET_CLIENT=@OLD_CHARACTER_SET_CLIENT */;
/*!40101 SET CHARACTER_SET_RESULTS=@OLD_CHARACTER_SET_RESULTS */;
/*!40101 SET COLLATION_CONNECTION=@OLD_COLLATION_CONNECTION */;
