-- phpMyAdmin SQL Dump
-- version 5.2.1
-- https://www.phpmyadmin.net/
--
-- Host: 127.0.0.1
-- Waktu pembuatan: 20 Nov 2023 pada 01.02
-- Versi server: 10.4.28-MariaDB-log
-- Versi PHP: 8.2.4

SET SQL_MODE = "NO_AUTO_VALUE_ON_ZERO";
START TRANSACTION;
SET time_zone = "+00:00";


/*!40101 SET @OLD_CHARACTER_SET_CLIENT=@@CHARACTER_SET_CLIENT */;
/*!40101 SET @OLD_CHARACTER_SET_RESULTS=@@CHARACTER_SET_RESULTS */;
/*!40101 SET @OLD_COLLATION_CONNECTION=@@COLLATION_CONNECTION */;
/*!40101 SET NAMES utf8mb4 */;

--
-- Database: `forecasting`
--

-- --------------------------------------------------------

--
-- Struktur dari tabel `mape_terbaik`
--

CREATE TABLE `mape_terbaik` (
  `id` int(11) NOT NULL,
  `periode` varchar(255) NOT NULL,
  `nilai` double NOT NULL
) ENGINE=InnoDB DEFAULT CHARSET=utf8mb4 COLLATE=utf8mb4_general_ci;

--
-- Dumping data untuk tabel `mape_terbaik`
--

INSERT INTO `mape_terbaik` (`id`, `periode`, `nilai`) VALUES
(4, '2', 13.17),
(5, '3', 9.46),
(6, '4', 13.02),
(7, '5', 16.1),
(8, '2', 13.17),
(9, '3', 9.46),
(10, '2', 13.17),
(11, '3', 9.46),
(12, 'Dekomposisi', 18.32),
(13, '2', 13.17),
(14, 'Dekomposisi', 18.32),
(15, '2', 13.17),
(16, 'Dekomposisi', 18.32),
(17, '2', 13.17),
(18, 'Dekomposisi', 18.32),
(19, 'Dekomposisi', 18.32),
(20, 'Dekomposisi', 18.32),
(21, 'Dekomposisi', 18.32),
(22, 'Dekomposisi', 18.32),
(23, 'Dekomposisi', 164.56),
(24, 'Dekomposisi', 18.32),
(25, 'Dekomposisi', 18.32),
(26, 'Dekomposisi', 18.32),
(27, 'Dekomposisi', 18.32);

-- --------------------------------------------------------

--
-- Struktur dari tabel `m_bulan`
--

CREATE TABLE `m_bulan` (
  `id_bulan` int(11) NOT NULL,
  `nama_bulan` varchar(123) NOT NULL
) ENGINE=InnoDB DEFAULT CHARSET=utf8mb4 COLLATE=utf8mb4_general_ci;

--
-- Dumping data untuk tabel `m_bulan`
--

INSERT INTO `m_bulan` (`id_bulan`, `nama_bulan`) VALUES
(1, 'Januari'),
(2, 'Februari'),
(3, 'Maret'),
(4, 'April'),
(5, 'Mei'),
(6, 'Juni'),
(7, 'Juli'),
(8, 'Agustus'),
(9, 'September'),
(10, 'Oktober'),
(11, 'November'),
(12, 'Desember');

-- --------------------------------------------------------

--
-- Struktur dari tabel `m_data`
--

CREATE TABLE `m_data` (
  `id_mddata` int(11) NOT NULL,
  `bulan` int(123) NOT NULL,
  `produksi` int(11) NOT NULL,
  `tahun` year(4) NOT NULL
) ENGINE=InnoDB DEFAULT CHARSET=utf8mb4 COLLATE=utf8mb4_general_ci;

--
-- Dumping data untuk tabel `m_data`
--

INSERT INTO `m_data` (`id_mddata`, `bulan`, `produksi`, `tahun`) VALUES
(1, 1, 9758654, '2014'),
(2, 2, 10226899, '2014'),
(3, 3, 9652145, '2014'),
(4, 4, 7948556, '2014'),
(5, 5, 10910157, '2014'),
(6, 6, 9471515, '2014'),
(7, 7, 9277109, '2014'),
(8, 8, 10470156, '2014'),
(9, 9, 10765950, '2014'),
(10, 10, 9971420, '2014'),
(11, 11, 10516901, '2014'),
(12, 12, 11910720, '2014'),
(13, 1, 10423546, '2015'),
(14, 2, 10552470, '2015'),
(15, 3, 11366222, '2015'),
(16, 4, 10426260, '2015'),
(17, 5, 11224788, '2015'),
(18, 6, 12278640, '2015'),
(19, 7, 10776254, '2015'),
(20, 8, 11190516, '2015'),
(21, 9, 10413788, '2015'),
(22, 10, 9824816, '2015'),
(23, 11, 9416234, '2015'),
(24, 12, 8988458, '2015'),
(25, 1, 8387119, '2016'),
(26, 2, 8523578, '2016'),
(27, 3, 9166521, '2016'),
(28, 4, 8281815, '2016'),
(29, 5, 9302930, '2016'),
(30, 6, 9656256, '2016'),
(31, 7, 10760710, '2016'),
(32, 8, 11614628, '2016'),
(33, 9, 12461288, '2016'),
(34, 10, 13953240, '2016'),
(35, 11, 14891196, '2016'),
(36, 12, 16360878, '2016'),
(37, 1, 13614770, '2017'),
(38, 2, 14169090, '2017'),
(39, 3, 12880850, '2017'),
(40, 4, 11075650, '2017'),
(41, 5, 14200400, '2017'),
(42, 6, 11965750, '2017'),
(43, 7, 13050930, '2017'),
(44, 8, 14369130, '2017'),
(45, 9, 13884420, '2017'),
(46, 10, 15106390, '2017'),
(47, 11, 21275530, '2017'),
(48, 12, 20383320, '2017'),
(49, 1, 19933160, '2018'),
(50, 2, 17724814, '2018'),
(51, 3, 16058090, '2018'),
(52, 4, 15034490, '2018'),
(53, 5, 13119620, '2018'),
(54, 6, 14263090, '2018'),
(55, 7, 11854640, '2018'),
(56, 8, 13484110, '2018'),
(57, 9, 12519060, '2018'),
(58, 10, 13366441, '2018'),
(59, 11, 12873590, '2018'),
(60, 12, 16750290, '2018'),
(61, 1, 13409440, '2019'),
(62, 2, 14185050, '2019'),
(63, 3, 13972300, '2019'),
(64, 4, 11969350, '2019'),
(65, 5, 12164890, '2019'),
(66, 6, 13203010, '2019'),
(67, 7, 11108330, '2019'),
(68, 8, 13116390, '2019'),
(69, 9, 14687280, '2019'),
(70, 10, 15116790, '2019'),
(71, 11, 16178290, '2019'),
(72, 12, 25449720, '2019'),
(73, 1, 20722060, '2020'),
(74, 2, 21395330, '2020'),
(75, 3, 19765800, '2020'),
(76, 4, 17218030, '2020'),
(77, 5, 15772260, '2020'),
(78, 6, 13140570, '2020'),
(79, 7, 11425350, '2020'),
(80, 8, 9019280, '2020'),
(81, 9, 13826470, '2020'),
(82, 10, 10035580, '2020'),
(83, 11, 11835050, '2020'),
(84, 12, 12792950, '2020'),
(85, 1, 11560860, '2021'),
(86, 2, 10602820, '2021'),
(87, 3, 11833670, '2021'),
(88, 4, 9908860, '2021'),
(89, 5, 8643750, '2021'),
(90, 6, 9496500, '2021'),
(91, 7, 8262990, '2021'),
(92, 8, 11661530, '2021'),
(93, 9, 10988210, '2021'),
(94, 10, 12338410, '2021'),
(95, 11, 14068610, '2021'),
(96, 12, 20866700, '2021');

-- --------------------------------------------------------

--
-- Struktur dari tabel `m_user`
--

CREATE TABLE `m_user` (
  `id_user` int(11) NOT NULL,
  `username` varchar(123) NOT NULL,
  `password` varchar(123) NOT NULL,
  `role` varchar(10) NOT NULL
) ENGINE=InnoDB DEFAULT CHARSET=utf8mb4 COLLATE=utf8mb4_general_ci;

--
-- Dumping data untuk tabel `m_user`
--

INSERT INTO `m_user` (`id_user`, `username`, `password`, `role`) VALUES
(2, 'admin', 'admin', 'admin');

-- --------------------------------------------------------

--
-- Struktur dari tabel `td_dekompose`
--

CREATE TABLE `td_dekompose` (
  `id_dekompose` int(11) NOT NULL,
  `id_data` int(11) NOT NULL,
  `simple` int(11) DEFAULT NULL,
  `centered` int(11) DEFAULT NULL,
  `detrend` int(11) DEFAULT NULL,
  `seasonal` int(11) DEFAULT NULL,
  `deseasonal` int(11) DEFAULT NULL,
  `trend` int(11) DEFAULT NULL,
  `forecast` int(11) DEFAULT NULL,
  `error` int(11) DEFAULT NULL,
  `error1` double DEFAULT NULL,
  `error2` double DEFAULT NULL,
  `error/at` float DEFAULT NULL
) ENGINE=InnoDB DEFAULT CHARSET=utf8mb4 COLLATE=utf8mb4_general_ci;

--
-- Dumping data untuk tabel `td_dekompose`
--

INSERT INTO `td_dekompose` (`id_dekompose`, `id_data`, `simple`, `centered`, `detrend`, `seasonal`, `deseasonal`, `trend`, `forecast`, `error`, `error1`, `error2`, `error/at`) VALUES
(1825, 1, 0, 0, 0, 1053543, 8705111, NULL, NULL, NULL, NULL, NULL, NULL),
(1826, 2, 0, 0, 0, 924230, 9302669, NULL, NULL, NULL, NULL, NULL, NULL),
(1827, 3, 0, 0, 0, 614430, 9037715, NULL, NULL, NULL, NULL, NULL, NULL),
(1828, 4, 0, 0, 0, -990839, 8939395, NULL, NULL, NULL, NULL, NULL, NULL),
(1829, 5, 0, 0, 0, -952615, 11862772, NULL, NULL, NULL, NULL, NULL, NULL),
(1830, 6, 10073349, 0, 0, -1087754, 10559269, NULL, NULL, NULL, NULL, NULL, NULL),
(1831, 7, 10128756, 10101053, -823944, -1742900, 11020009, NULL, NULL, NULL, NULL, NULL, NULL),
(1832, 8, 10155887, 10142322, 327834, -1040024, 11510180, NULL, NULL, NULL, NULL, NULL, NULL),
(1833, 9, 10298727, 10227307, 538643, -298955, 11064905, NULL, NULL, NULL, NULL, NULL, NULL),
(1834, 10, 10505202, 10401965, -430545, -492692, 10464112, NULL, NULL, NULL, NULL, NULL, NULL),
(1835, 11, 10531421, 10518312, -1411, 882290, 9634611, NULL, NULL, NULL, NULL, NULL, NULL),
(1836, 12, 10765349, 10648385, 1262335, 3131281, 8779439, NULL, NULL, NULL, NULL, NULL, NULL),
(1837, 13, 10890277, 10827813, -404267, 12466, 10411080, NULL, NULL, NULL, NULL, NULL, NULL),
(1838, 14, 10950307, 10920292, -367822, 1053543, 9498927, NULL, NULL, NULL, NULL, NULL, NULL),
(1839, 15, 10920960, 10935634, 430588, 924230, 10441992, NULL, NULL, NULL, NULL, NULL, NULL),
(1840, 16, 10908743, 10914852, -488592, 614430, 9811830, NULL, NULL, NULL, NULL, NULL, NULL),
(1841, 17, 10817021, 10862882, 361906, -990839, 12215627, NULL, NULL, NULL, NULL, NULL, NULL),
(1842, 18, 10573499, 10695260, 1583380, -952615, 13231255, NULL, NULL, NULL, NULL, NULL, NULL),
(1843, 19, 10403797, 10488648, 287606, -1087754, 11864008, NULL, NULL, NULL, NULL, NULL, NULL),
(1844, 20, 10234723, 10319260, 871256, -1742900, 12933416, NULL, NULL, NULL, NULL, NULL, NULL),
(1845, 21, 10051414, 10143069, 270719, -1040024, 11453812, NULL, NULL, NULL, NULL, NULL, NULL),
(1846, 22, 9872711, 9962063, -137247, -298955, 10123771, NULL, NULL, NULL, NULL, NULL, NULL),
(1847, 23, 9712556, 9792634, -376400, -492692, 9908926, NULL, NULL, NULL, NULL, NULL, NULL),
(1848, 24, 9494024, 9603290, -614832, 882290, 8106168, NULL, NULL, NULL, NULL, NULL, NULL),
(1849, 25, 9492728, 9493376, -1106257, 3131281, 5255838, NULL, NULL, NULL, NULL, NULL, NULL),
(1850, 26, 9528071, 9510400, -986822, 12466, 8511112, NULL, NULL, NULL, NULL, NULL, NULL),
(1851, 27, 9698696, 9613384, -446863, 1053543, 8112978, NULL, NULL, NULL, NULL, NULL, NULL),
(1852, 28, 10042731, 9870714, -1588899, 924230, 7357585, NULL, NULL, NULL, NULL, NULL, NULL),
(1853, 29, 10498978, 10270855, -967925, 614430, 8688500, NULL, NULL, NULL, NULL, NULL, NULL),
(1854, 30, 11113347, 10806163, -1149907, -990839, 10647095, NULL, NULL, NULL, NULL, NULL, NULL),
(1855, 31, 11548984, 11331166, -570456, -952615, 11713325, NULL, NULL, NULL, NULL, NULL, NULL),
(1856, 32, 12019444, 11784214, -169586, -1087754, 12702382, NULL, NULL, NULL, NULL, NULL, NULL),
(1857, 33, 12328971, 12174208, 287080, -1742900, 14204188, NULL, NULL, NULL, NULL, NULL, NULL),
(1858, 34, 12561791, 12445381, 1507859, -1040024, 14993264, NULL, NULL, NULL, NULL, NULL, NULL),
(1859, 35, 12969913, 12765852, 2125344, -298955, 15190151, NULL, NULL, NULL, NULL, NULL, NULL),
(1860, 36, 13162371, 13066142, 3294736, -492692, 16853570, NULL, NULL, NULL, NULL, NULL, NULL),
(1861, 37, 13353223, 13257797, 356973, 882290, 12732480, NULL, NULL, NULL, NULL, NULL, NULL),
(1862, 38, 13582764, 13467994, 701096, 3131281, 11037809, NULL, NULL, NULL, NULL, NULL, NULL),
(1863, 39, 13701359, 13642062, -761212, 12466, 12868384, NULL, NULL, NULL, NULL, NULL, NULL),
(1864, 40, 13797455, 13749407, -2673757, 1053543, 10022107, NULL, NULL, NULL, NULL, NULL, NULL),
(1865, 41, 14329482, 14063469, 136931, 924230, 13276170, NULL, NULL, NULL, NULL, NULL, NULL),
(1866, 42, 14664686, 14497084, -2531334, 614430, 11351320, NULL, NULL, NULL, NULL, NULL, NULL),
(1867, 43, 15191218, 14927952, -1877022, -990839, 14041769, NULL, NULL, NULL, NULL, NULL, NULL),
(1868, 44, 15487529, 15339374, -970244, -952615, 15321745, NULL, NULL, NULL, NULL, NULL, NULL),
(1869, 45, 15752299, 15619914, -1735494, -1087754, 14972174, NULL, NULL, NULL, NULL, NULL, NULL),
(1870, 46, 16082202, 15917251, -810861, -1742900, 16849290, NULL, NULL, NULL, NULL, NULL, NULL),
(1871, 47, 15992137, 16037170, 5238360, -1040024, 22315554, NULL, NULL, NULL, NULL, NULL, NULL),
(1872, 48, 16183582, 16087860, 4295460, -298955, 20682275, NULL, NULL, NULL, NULL, NULL, NULL),
(1873, 49, 16083891, 16133737, 3799423, -492692, 20425852, NULL, NULL, NULL, NULL, NULL, NULL),
(1874, 50, 16010140, 16047016, 1677798, 882290, 16842524, NULL, NULL, NULL, NULL, NULL, NULL),
(1875, 51, 15896360, 15953250, 104840, 3131281, 12926809, NULL, NULL, NULL, NULL, NULL, NULL),
(1876, 52, 15751364, 15823862, -789372, 12466, 15022024, NULL, NULL, NULL, NULL, NULL, NULL),
(1877, 53, 15051202, 15401283, -2281663, 1053543, 12066077, NULL, NULL, NULL, NULL, NULL, NULL),
(1878, 54, 14748450, 14899826, -636736, 924230, 13338860, NULL, NULL, NULL, NULL, NULL, NULL),
(1879, 55, 14204806, 14476628, -2621988, 614430, 11240210, NULL, NULL, NULL, NULL, NULL, NULL),
(1880, 56, 13909826, 14057316, -573206, -990839, 14474949, NULL, NULL, NULL, NULL, NULL, NULL),
(1881, 57, 13736010, 13822918, -1303858, -952615, 13471675, NULL, NULL, NULL, NULL, NULL, NULL),
(1882, 58, 13480582, 13608296, -241855, -1087754, 14454195, NULL, NULL, NULL, NULL, NULL, NULL),
(1883, 59, 13401021, 13440802, -567212, -1742900, 14616490, NULL, NULL, NULL, NULL, NULL, NULL),
(1884, 60, 13312681, 13356851, 3393439, -1040024, 17790314, NULL, NULL, NULL, NULL, NULL, NULL),
(1885, 61, 13250488, 13281585, 127855, -298955, 13708395, NULL, NULL, NULL, NULL, NULL, NULL),
(1886, 62, 13219845, 13235167, 949883, -492692, 14677742, NULL, NULL, NULL, NULL, NULL, NULL),
(1887, 63, 13400530, 13310188, 662112, 882290, 13090010, NULL, NULL, NULL, NULL, NULL, NULL),
(1888, 64, 13546393, 13473462, -1504112, 3131281, 8838069, NULL, NULL, NULL, NULL, NULL, NULL),
(1889, 65, 13821784, 13684089, -1519199, 12466, 12152424, NULL, NULL, NULL, NULL, NULL, NULL),
(1890, 66, 14546737, 14184261, -981251, 1053543, 12149467, NULL, NULL, NULL, NULL, NULL, NULL),
(1891, 67, 15156122, 14851430, -3743100, 924230, 10184100, NULL, NULL, NULL, NULL, NULL, NULL),
(1892, 68, 15756978, 15456550, -2340160, 614430, 12501960, NULL, NULL, NULL, NULL, NULL, NULL),
(1893, 69, 16239770, 15998374, -1311094, -990839, 15678119, NULL, NULL, NULL, NULL, NULL, NULL),
(1894, 70, 16677160, 16458465, -1341675, -952615, 16069405, NULL, NULL, NULL, NULL, NULL, NULL),
(1895, 71, 16977774, 16827467, -649177, -1087754, 17266044, NULL, NULL, NULL, NULL, NULL, NULL),
(1896, 72, 16972571, 16975173, 8474547, -1742900, 27192620, NULL, NULL, NULL, NULL, NULL, NULL),
(1897, 73, 16998989, 16985780, 3736280, -1040024, 21762084, NULL, NULL, NULL, NULL, NULL, NULL),
(1898, 74, 16657563, 16828276, 4567054, -298955, 21694285, NULL, NULL, NULL, NULL, NULL, NULL),
(1899, 75, 16585829, 16621696, 3144104, -492692, 20258492, NULL, NULL, NULL, NULL, NULL, NULL),
(1900, 76, 16162395, 16374112, 843918, 882290, 16335740, NULL, NULL, NULL, NULL, NULL, NULL),
(1901, 77, 15800458, 15981427, -209167, 3131281, 12640979, NULL, NULL, NULL, NULL, NULL, NULL),
(1902, 78, 14745728, 15273093, -2132523, 12466, 13128104, NULL, NULL, NULL, NULL, NULL, NULL),
(1903, 79, 13982294, 14364011, -2938661, 1053543, 10371807, NULL, NULL, NULL, NULL, NULL, NULL),
(1904, 80, 13082918, 13532606, -4513326, 924230, 8095050, NULL, NULL, NULL, NULL, NULL, NULL),
(1905, 81, 12421908, 12752413, 1074057, 614430, 13212040, NULL, NULL, NULL, NULL, NULL, NULL),
(1906, 82, 11812810, 12117359, -2081779, -990839, 11026419, NULL, NULL, NULL, NULL, NULL, NULL),
(1907, 83, 11218768, 11515789, 319261, -952615, 12787665, NULL, NULL, NULL, NULL, NULL, NULL),
(1908, 84, 10915095, 11066932, 1726018, -1087754, 13880704, NULL, NULL, NULL, NULL, NULL, NULL),
(1909, 85, 10651565, 10783330, 777530, -1742900, 13303760, NULL, NULL, NULL, NULL, NULL, NULL),
(1910, 86, 10871753, 10761659, -158839, -1040024, 11642844, NULL, NULL, NULL, NULL, NULL, NULL),
(1911, 87, 10635231, 10753492, 1080178, -298955, 12132625, NULL, NULL, NULL, NULL, NULL, NULL),
(1912, 88, 10827133, 10731182, -822322, -492692, 10401552, NULL, NULL, NULL, NULL, NULL, NULL),
(1913, 89, 11013263, 10920198, -2276448, 882290, 7761460, NULL, NULL, NULL, NULL, NULL, NULL),
(1914, 90, 11686076, 11349670, -1853170, 3131281, 6365219, NULL, NULL, NULL, NULL, NULL, NULL),
(1915, 91, 0, 0, 0, 12466, 8250524, NULL, NULL, NULL, NULL, NULL, NULL),
(1916, 92, 0, 0, 0, 1053543, 10607987, NULL, NULL, NULL, NULL, NULL, NULL),
(1917, 93, 0, 0, 0, 924230, 10063980, NULL, NULL, NULL, NULL, NULL, NULL),
(1918, 94, 0, 0, 0, 614430, 11723980, NULL, NULL, NULL, NULL, NULL, NULL),
(1919, 95, 0, 0, 0, -990839, 15059449, NULL, NULL, NULL, NULL, NULL, NULL),
(1920, 96, 0, 0, 0, -952615, 21819315, NULL, NULL, NULL, NULL, NULL, NULL);

-- --------------------------------------------------------

--
-- Struktur dari tabel `td_dma`
--

CREATE TABLE `td_dma` (
  `id_dma` int(11) NOT NULL,
  `id_data` int(11) NOT NULL,
  `ma2` int(11) DEFAULT NULL,
  `dma2` int(11) DEFAULT NULL,
  `a` int(11) DEFAULT NULL,
  `b` int(11) DEFAULT NULL,
  `ft` int(11) DEFAULT NULL,
  `error` int(11) DEFAULT NULL,
  `mape` float DEFAULT NULL
) ENGINE=InnoDB DEFAULT CHARSET=utf8mb4 COLLATE=utf8mb4_general_ci;

--
-- Dumping data untuk tabel `td_dma`
--

INSERT INTO `td_dma` (`id_dma`, `id_data`, `ma2`, `dma2`, `a`, `b`, `ft`, `error`, `mape`) VALUES
(3361, 1, 9758654, 0, NULL, NULL, NULL, NULL, NULL),
(3362, 2, 10226899, 10226899, NULL, NULL, NULL, NULL, NULL),
(3363, 3, 9652145, 9652145, NULL, NULL, NULL, NULL, NULL),
(3364, 4, 7948556, 7948556, NULL, NULL, NULL, NULL, NULL),
(3365, 5, 10910157, 10910157, NULL, NULL, NULL, NULL, NULL),
(3366, 6, 9471515, 9471515, NULL, NULL, NULL, NULL, NULL),
(3367, 7, 9277109, 9277109, NULL, NULL, NULL, NULL, NULL),
(3368, 8, 10470156, 10470156, NULL, NULL, NULL, NULL, NULL),
(3369, 9, 10765950, 10765950, NULL, NULL, NULL, NULL, NULL),
(3370, 10, 9971420, 9971420, NULL, NULL, NULL, NULL, NULL),
(3371, 11, 10516901, 10516901, NULL, NULL, NULL, NULL, NULL),
(3372, 12, 11910720, 11910720, NULL, NULL, NULL, NULL, NULL),
(3373, 13, 10423546, 10423546, NULL, NULL, NULL, NULL, NULL),
(3374, 14, 10552470, 10552470, NULL, NULL, NULL, NULL, NULL),
(3375, 15, 11366222, 11366222, NULL, NULL, NULL, NULL, NULL),
(3376, 16, 10426260, 10426260, NULL, NULL, NULL, NULL, NULL),
(3377, 17, 11224788, 11224788, NULL, NULL, NULL, NULL, NULL),
(3378, 18, 12278640, 12278640, NULL, NULL, NULL, NULL, NULL),
(3379, 19, 10776254, 10776254, NULL, NULL, NULL, NULL, NULL),
(3380, 20, 11190516, 11190516, NULL, NULL, NULL, NULL, NULL),
(3381, 21, 10413788, 10413788, NULL, NULL, NULL, NULL, NULL),
(3382, 22, 9824816, 9824816, NULL, NULL, NULL, NULL, NULL),
(3383, 23, 9416234, 9416234, NULL, NULL, NULL, NULL, NULL),
(3384, 24, 8988458, 8988458, NULL, NULL, NULL, NULL, NULL),
(3385, 25, 8387119, 8387119, NULL, NULL, NULL, NULL, NULL),
(3386, 26, 8523578, 8523578, NULL, NULL, NULL, NULL, NULL),
(3387, 27, 9166521, 9166521, NULL, NULL, NULL, NULL, NULL),
(3388, 28, 8281815, 8281815, NULL, NULL, NULL, NULL, NULL),
(3389, 29, 9302930, 9302930, NULL, NULL, NULL, NULL, NULL),
(3390, 30, 9656256, 9656256, NULL, NULL, NULL, NULL, NULL),
(3391, 31, 10760710, 10760710, NULL, NULL, NULL, NULL, NULL),
(3392, 32, 11614628, 11614628, NULL, NULL, NULL, NULL, NULL),
(3393, 33, 12461288, 12461288, NULL, NULL, NULL, NULL, NULL),
(3394, 34, 13953240, 13953240, NULL, NULL, NULL, NULL, NULL),
(3395, 35, 14891196, 14891196, NULL, NULL, NULL, NULL, NULL),
(3396, 36, 16360878, 16360878, NULL, NULL, NULL, NULL, NULL),
(3397, 37, 13614770, 13614770, NULL, NULL, NULL, NULL, NULL),
(3398, 38, 14169090, 14169090, NULL, NULL, NULL, NULL, NULL),
(3399, 39, 12880850, 12880850, NULL, NULL, NULL, NULL, NULL),
(3400, 40, 11075650, 11075650, NULL, NULL, NULL, NULL, NULL),
(3401, 41, 14200400, 14200400, NULL, NULL, NULL, NULL, NULL),
(3402, 42, 11965750, 11965750, NULL, NULL, NULL, NULL, NULL),
(3403, 43, 13050930, 13050930, NULL, NULL, NULL, NULL, NULL),
(3404, 44, 14369130, 14369130, NULL, NULL, NULL, NULL, NULL),
(3405, 45, 13884420, 13884420, NULL, NULL, NULL, NULL, NULL),
(3406, 46, 15106390, 15106390, NULL, NULL, NULL, NULL, NULL),
(3407, 47, 21275530, 21275530, NULL, NULL, NULL, NULL, NULL),
(3408, 48, 20383320, 20383320, NULL, NULL, NULL, NULL, NULL),
(3409, 49, 19933160, 19933160, NULL, NULL, NULL, NULL, NULL),
(3410, 50, 17724814, 17724814, NULL, NULL, NULL, NULL, NULL),
(3411, 51, 16058090, 16058090, NULL, NULL, NULL, NULL, NULL),
(3412, 52, 15034490, 15034490, NULL, NULL, NULL, NULL, NULL),
(3413, 53, 13119620, 13119620, NULL, NULL, NULL, NULL, NULL),
(3414, 54, 14263090, 14263090, NULL, NULL, NULL, NULL, NULL),
(3415, 55, 11854640, 11854640, NULL, NULL, NULL, NULL, NULL),
(3416, 56, 13484110, 13484110, NULL, NULL, NULL, NULL, NULL),
(3417, 57, 12519060, 12519060, NULL, NULL, NULL, NULL, NULL),
(3418, 58, 13366441, 13366441, NULL, NULL, NULL, NULL, NULL),
(3419, 59, 12873590, 12873590, NULL, NULL, NULL, NULL, NULL),
(3420, 60, 16750290, 16750290, NULL, NULL, NULL, NULL, NULL),
(3421, 61, 13409440, 13409440, NULL, NULL, NULL, NULL, NULL),
(3422, 62, 14185050, 14185050, NULL, NULL, NULL, NULL, NULL),
(3423, 63, 13972300, 13972300, NULL, NULL, NULL, NULL, NULL),
(3424, 64, 11969350, 11969350, NULL, NULL, NULL, NULL, NULL),
(3425, 65, 12164890, 12164890, NULL, NULL, NULL, NULL, NULL),
(3426, 66, 13203010, 13203010, NULL, NULL, NULL, NULL, NULL),
(3427, 67, 11108330, 11108330, NULL, NULL, NULL, NULL, NULL),
(3428, 68, 13116390, 13116390, NULL, NULL, NULL, NULL, NULL),
(3429, 69, 14687280, 14687280, NULL, NULL, NULL, NULL, NULL),
(3430, 70, 15116790, 15116790, NULL, NULL, NULL, NULL, NULL),
(3431, 71, 16178290, 16178290, NULL, NULL, NULL, NULL, NULL),
(3432, 72, 25449720, 25449720, NULL, NULL, NULL, NULL, NULL),
(3433, 73, 20722060, 20722060, NULL, NULL, NULL, NULL, NULL),
(3434, 74, 21395330, 21395330, NULL, NULL, NULL, NULL, NULL),
(3435, 75, 19765800, 19765800, NULL, NULL, NULL, NULL, NULL),
(3436, 76, 17218030, 17218030, NULL, NULL, NULL, NULL, NULL),
(3437, 77, 15772260, 15772260, NULL, NULL, NULL, NULL, NULL),
(3438, 78, 13140570, 13140570, NULL, NULL, NULL, NULL, NULL),
(3439, 79, 11425350, 11425350, NULL, NULL, NULL, NULL, NULL),
(3440, 80, 9019280, 9019280, NULL, NULL, NULL, NULL, NULL),
(3441, 81, 13826470, 13826470, NULL, NULL, NULL, NULL, NULL),
(3442, 82, 10035580, 10035580, NULL, NULL, NULL, NULL, NULL),
(3443, 83, 11835050, 11835050, NULL, NULL, NULL, NULL, NULL),
(3444, 84, 12792950, 12792950, NULL, NULL, NULL, NULL, NULL),
(3445, 85, 11560860, 11560860, NULL, NULL, NULL, NULL, NULL),
(3446, 86, 10602820, 10602820, NULL, NULL, NULL, NULL, NULL),
(3447, 87, 11833670, 11833670, NULL, NULL, NULL, NULL, NULL),
(3448, 88, 9908860, 9908860, NULL, NULL, NULL, NULL, NULL),
(3449, 89, 8643750, 8643750, NULL, NULL, NULL, NULL, NULL),
(3450, 90, 9496500, 9496500, NULL, NULL, NULL, NULL, NULL),
(3451, 91, 8262990, 8262990, NULL, NULL, NULL, NULL, NULL),
(3452, 92, 11661530, 11661530, NULL, NULL, NULL, NULL, NULL),
(3453, 93, 10988210, 10988210, NULL, NULL, NULL, NULL, NULL),
(3454, 94, 12338410, 12338410, NULL, NULL, NULL, NULL, NULL),
(3455, 95, 14068610, 14068610, NULL, NULL, NULL, NULL, NULL),
(3456, 96, 20866700, 20866700, NULL, NULL, NULL, NULL, NULL);

--
-- Indexes for dumped tables
--

--
-- Indeks untuk tabel `mape_terbaik`
--
ALTER TABLE `mape_terbaik`
  ADD PRIMARY KEY (`id`);

--
-- Indeks untuk tabel `m_bulan`
--
ALTER TABLE `m_bulan`
  ADD PRIMARY KEY (`id_bulan`);

--
-- Indeks untuk tabel `m_data`
--
ALTER TABLE `m_data`
  ADD PRIMARY KEY (`id_mddata`);

--
-- Indeks untuk tabel `m_user`
--
ALTER TABLE `m_user`
  ADD PRIMARY KEY (`id_user`);

--
-- Indeks untuk tabel `td_dekompose`
--
ALTER TABLE `td_dekompose`
  ADD PRIMARY KEY (`id_dekompose`) USING BTREE;

--
-- Indeks untuk tabel `td_dma`
--
ALTER TABLE `td_dma`
  ADD PRIMARY KEY (`id_dma`);

--
-- AUTO_INCREMENT untuk tabel yang dibuang
--

--
-- AUTO_INCREMENT untuk tabel `mape_terbaik`
--
ALTER TABLE `mape_terbaik`
  MODIFY `id` int(11) NOT NULL AUTO_INCREMENT, AUTO_INCREMENT=28;

--
-- AUTO_INCREMENT untuk tabel `m_bulan`
--
ALTER TABLE `m_bulan`
  MODIFY `id_bulan` int(11) NOT NULL AUTO_INCREMENT, AUTO_INCREMENT=13;

--
-- AUTO_INCREMENT untuk tabel `m_data`
--
ALTER TABLE `m_data`
  MODIFY `id_mddata` int(11) NOT NULL AUTO_INCREMENT, AUTO_INCREMENT=102;

--
-- AUTO_INCREMENT untuk tabel `m_user`
--
ALTER TABLE `m_user`
  MODIFY `id_user` int(11) NOT NULL AUTO_INCREMENT, AUTO_INCREMENT=3;

--
-- AUTO_INCREMENT untuk tabel `td_dekompose`
--
ALTER TABLE `td_dekompose`
  MODIFY `id_dekompose` int(11) NOT NULL AUTO_INCREMENT, AUTO_INCREMENT=1921;

--
-- AUTO_INCREMENT untuk tabel `td_dma`
--
ALTER TABLE `td_dma`
  MODIFY `id_dma` int(11) NOT NULL AUTO_INCREMENT, AUTO_INCREMENT=3457;
COMMIT;

/*!40101 SET CHARACTER_SET_CLIENT=@OLD_CHARACTER_SET_CLIENT */;
/*!40101 SET CHARACTER_SET_RESULTS=@OLD_CHARACTER_SET_RESULTS */;
/*!40101 SET COLLATION_CONNECTION=@OLD_COLLATION_CONNECTION */;
