-- --------------------------------------------------------
-- Host:                         127.0.0.1
-- Server version:               10.4.28-MariaDB - mariadb.org binary distribution
-- Server OS:                    Win64
-- HeidiSQL Version:             12.5.0.6677
-- --------------------------------------------------------

/*!40101 SET @OLD_CHARACTER_SET_CLIENT=@@CHARACTER_SET_CLIENT */;
/*!40101 SET NAMES utf8 */;
/*!50503 SET NAMES utf8mb4 */;
/*!40103 SET @OLD_TIME_ZONE=@@TIME_ZONE */;
/*!40103 SET TIME_ZONE='+00:00' */;
/*!40014 SET @OLD_FOREIGN_KEY_CHECKS=@@FOREIGN_KEY_CHECKS, FOREIGN_KEY_CHECKS=0 */;
/*!40101 SET @OLD_SQL_MODE=@@SQL_MODE, SQL_MODE='NO_AUTO_VALUE_ON_ZERO' */;
/*!40111 SET @OLD_SQL_NOTES=@@SQL_NOTES, SQL_NOTES=0 */;

-- Dumping structure for table forecasting2.mape_terbaik
CREATE TABLE IF NOT EXISTS `mape_terbaik` (
  `id` int(11) NOT NULL AUTO_INCREMENT,
  `periode` varchar(255) NOT NULL,
  `nilai` double NOT NULL,
  PRIMARY KEY (`id`)
) ENGINE=InnoDB AUTO_INCREMENT=30 DEFAULT CHARSET=utf8mb4 COLLATE=utf8mb4_general_ci;

-- Dumping data for table forecasting2.mape_terbaik: ~12 rows (approximately)
INSERT INTO `mape_terbaik` (`id`, `periode`, `nilai`) VALUES
	(4, '2', 13.17),
	(5, '3', 9.46),
	(6, '4', 13.02),
	(7, '5', 16.1),
	(8, '2', 13.17),
	(9, '3', 9.46),
	(10, '2', 13.17),
	(11, '3', 9.46),
	(13, '2', 13.17),
	(15, '2', 13.17),
	(17, '2', 13.17),
	(28, 'Dekomposisi', 14.48907),
	(29, 'Dekomposisi', 14.48907);

-- Dumping structure for table forecasting2.m_bulan
CREATE TABLE IF NOT EXISTS `m_bulan` (
  `id_bulan` int(11) NOT NULL AUTO_INCREMENT,
  `nama_bulan` varchar(123) NOT NULL,
  PRIMARY KEY (`id_bulan`)
) ENGINE=InnoDB AUTO_INCREMENT=13 DEFAULT CHARSET=utf8mb4 COLLATE=utf8mb4_general_ci;

-- Dumping data for table forecasting2.m_bulan: ~12 rows (approximately)
INSERT INTO `m_bulan` (`id_bulan`, `nama_bulan`) VALUES
	(1, 'Januari'),
	(2, 'Februari'),
	(3, 'Maret'),
	(4, 'April'),
	(5, 'Mei'),
	(6, 'Juni'),
	(7, 'Juli'),
	(8, 'Agustus'),
	(9, 'September'),
	(10, 'Oktober'),
	(11, 'November'),
	(12, 'Desember');

-- Dumping structure for table forecasting2.m_data
CREATE TABLE IF NOT EXISTS `m_data` (
  `id_mddata` int(11) NOT NULL AUTO_INCREMENT,
  `bulan` int(123) NOT NULL,
  `produksi` int(11) NOT NULL,
  `tahun` year(4) NOT NULL,
  PRIMARY KEY (`id_mddata`)
) ENGINE=InnoDB AUTO_INCREMENT=102 DEFAULT CHARSET=utf8mb4 COLLATE=utf8mb4_general_ci;

-- Dumping data for table forecasting2.m_data: ~96 rows (approximately)
INSERT INTO `m_data` (`id_mddata`, `bulan`, `produksi`, `tahun`) VALUES
	(1, 1, 9758654, '2014'),
	(2, 2, 10226899, '2014'),
	(3, 3, 9652145, '2014'),
	(4, 4, 7948556, '2014'),
	(5, 5, 10910157, '2014'),
	(6, 6, 9471515, '2014'),
	(7, 7, 9277109, '2014'),
	(8, 8, 10470156, '2014'),
	(9, 9, 10765950, '2014'),
	(10, 10, 9971420, '2014'),
	(11, 11, 10516901, '2014'),
	(12, 12, 11910720, '2014'),
	(13, 1, 10423546, '2015'),
	(14, 2, 10552470, '2015'),
	(15, 3, 11366222, '2015'),
	(16, 4, 10426260, '2015'),
	(17, 5, 11224788, '2015'),
	(18, 6, 12278640, '2015'),
	(19, 7, 10776254, '2015'),
	(20, 8, 11190516, '2015'),
	(21, 9, 10413788, '2015'),
	(22, 10, 9824816, '2015'),
	(23, 11, 9416234, '2015'),
	(24, 12, 8988458, '2015'),
	(25, 1, 8387119, '2016'),
	(26, 2, 8523578, '2016'),
	(27, 3, 9166521, '2016'),
	(28, 4, 8281815, '2016'),
	(29, 5, 9302930, '2016'),
	(30, 6, 9656256, '2016'),
	(31, 7, 10760710, '2016'),
	(32, 8, 11614628, '2016'),
	(33, 9, 12461288, '2016'),
	(34, 10, 13953240, '2016'),
	(35, 11, 14891196, '2016'),
	(36, 12, 16360878, '2016'),
	(37, 1, 13614770, '2017'),
	(38, 2, 14169090, '2017'),
	(39, 3, 12880850, '2017'),
	(40, 4, 11075650, '2017'),
	(41, 5, 14200400, '2017'),
	(42, 6, 11965750, '2017'),
	(43, 7, 13050930, '2017'),
	(44, 8, 14369130, '2017'),
	(45, 9, 13884420, '2017'),
	(46, 10, 15106390, '2017'),
	(47, 11, 21275530, '2017'),
	(48, 12, 20383320, '2017'),
	(49, 1, 19933160, '2018'),
	(50, 2, 17724814, '2018'),
	(51, 3, 16058090, '2018'),
	(52, 4, 15034490, '2018'),
	(53, 5, 13119620, '2018'),
	(54, 6, 14263090, '2018'),
	(55, 7, 11854640, '2018'),
	(56, 8, 13484110, '2018'),
	(57, 9, 12519060, '2018'),
	(58, 10, 13366441, '2018'),
	(59, 11, 12873590, '2018'),
	(60, 12, 16750290, '2018'),
	(61, 1, 13409440, '2019'),
	(62, 2, 14185050, '2019'),
	(63, 3, 13972300, '2019'),
	(64, 4, 11969350, '2019'),
	(65, 5, 12164890, '2019'),
	(66, 6, 13203010, '2019'),
	(67, 7, 11108330, '2019'),
	(68, 8, 13116390, '2019'),
	(69, 9, 14687280, '2019'),
	(70, 10, 15116790, '2019'),
	(71, 11, 16178290, '2019'),
	(72, 12, 25449720, '2019'),
	(73, 1, 20722060, '2020'),
	(74, 2, 21395330, '2020'),
	(75, 3, 19765800, '2020'),
	(76, 4, 17218030, '2020'),
	(77, 5, 15772260, '2020'),
	(78, 6, 13140570, '2020'),
	(79, 7, 11425350, '2020'),
	(80, 8, 9019280, '2020'),
	(81, 9, 13826470, '2020'),
	(82, 10, 10035580, '2020'),
	(83, 11, 11835050, '2020'),
	(84, 12, 12792950, '2020'),
	(85, 1, 11560860, '2021'),
	(86, 2, 10602820, '2021'),
	(87, 3, 11833670, '2021'),
	(88, 4, 9908860, '2021'),
	(89, 5, 8643750, '2021'),
	(90, 6, 9496500, '2021'),
	(91, 7, 8262990, '2021'),
	(92, 8, 11661530, '2021'),
	(93, 9, 10988210, '2021'),
	(94, 10, 12338410, '2021'),
	(95, 11, 14068610, '2021'),
	(96, 12, 20866700, '2021');

-- Dumping structure for table forecasting2.m_user
CREATE TABLE IF NOT EXISTS `m_user` (
  `id_user` int(11) NOT NULL AUTO_INCREMENT,
  `username` varchar(123) NOT NULL,
  `password` varchar(123) NOT NULL,
  `role` varchar(10) NOT NULL,
  PRIMARY KEY (`id_user`)
) ENGINE=InnoDB AUTO_INCREMENT=3 DEFAULT CHARSET=utf8mb4 COLLATE=utf8mb4_general_ci;

-- Dumping data for table forecasting2.m_user: ~0 rows (approximately)
INSERT INTO `m_user` (`id_user`, `username`, `password`, `role`) VALUES
	(2, 'admin', 'admin', 'admin');

-- Dumping structure for table forecasting2.td_dekompose
CREATE TABLE IF NOT EXISTS `td_dekompose` (
  `id_dekompose` int(11) NOT NULL AUTO_INCREMENT,
  `id_data` int(11) NOT NULL,
  `simple` int(11) DEFAULT NULL,
  `centered` int(11) DEFAULT NULL,
  `detrend` int(11) DEFAULT NULL,
  `seasonal` int(11) DEFAULT NULL,
  `deseasonal` int(11) DEFAULT NULL,
  `trend` int(11) DEFAULT NULL,
  `forecast` int(11) DEFAULT NULL,
  `error` int(11) DEFAULT NULL,
  `error1` double DEFAULT NULL,
  `error2` double DEFAULT NULL,
  `errorat` float DEFAULT NULL,
  PRIMARY KEY (`id_dekompose`) USING BTREE
) ENGINE=InnoDB AUTO_INCREMENT=8065 DEFAULT CHARSET=utf8mb4 COLLATE=utf8mb4_general_ci;

-- Dumping data for table forecasting2.td_dekompose: ~96 rows (approximately)
INSERT INTO `td_dekompose` (`id_dekompose`, `id_data`, `simple`, `centered`, `detrend`, `seasonal`, `deseasonal`, `trend`, `forecast`, `error`, `error1`, `error2`, `errorat`) VALUES
	(7969, 1, 0, 0, 0, 1053543, 8705111, 363, 8705474, 1053180, 1053180, 1109188112400, 10.7923),
	(7970, 2, 0, 0, 0, 924230, 9302669, 726, 9303395, 923504, 923504, 852859638016, 9.03015),
	(7971, 3, 0, 0, 0, 614430, 9037715, 1089, 9038804, 613341, 613341, 376187182281, 6.35445),
	(7972, 4, 0, 0, 0, -990839, 8939395, 1452, 8940847, -992291, 992291, 984641428681, 12.4839),
	(7973, 5, 0, 0, 0, -952615, 11862772, 1815, 11864587, -954430, 954430, 910936624900, 8.74809),
	(7974, 6, 10073349, 0, 0, -1087754, 10559269, 2179, 10561448, -1089933, 1089933, 1187953944489, 11.5075),
	(7975, 7, 10128756, 10101053, -823944, -1742900, 11020009, 2542, 10198607, -921498, 921498, 849158564004, 9.93303),
	(7976, 8, 10155887, 10142322, 327834, -1040024, 11510180, 2905, 11840919, -1370763, 1370763, 1878991202169, 13.0921),
	(7977, 9, 10298727, 10227307, 538643, -298955, 11064905, 3268, 11606816, -840866, 840866, 707055629956, 7.81042),
	(7978, 10, 10505202, 10401965, -430545, -492692, 10464112, 3631, 10037198, -65778, 65778, 4326745284, 0.659665),
	(7979, 11, 10531421, 10518312, -1411, 882290, 9634611, 3994, 9637194, 879707, 879707, 773884405849, 8.3647),
	(7980, 12, 10765349, 10648385, 1262335, 3131281, 8779439, 4357, 10046131, 1864589, 1864589, 3476692138921, 15.6547),
	(7981, 13, 10890277, 10827813, -404267, 12466, 10411080, 363, 10007176, 416370, 416370, 173363976900, 3.99451),
	(7982, 14, 10950307, 10920292, -367822, 1053543, 9498927, 726, 9131831, 1420639, 1420639, 2018215168321, 13.4626),
	(7983, 15, 10920960, 10935634, 430588, 924230, 10441992, 1089, 10873669, 492553, 492553, 242608457809, 4.33348),
	(7984, 16, 10908743, 10914852, -488592, 614430, 9811830, 1452, 9324690, 1101570, 1101570, 1213456464900, 10.5653),
	(7985, 17, 10817021, 10862882, 361906, -990839, 12215627, 1815, 12579348, -1354560, 1354560, 1834832793600, 12.0676),
	(7986, 18, 10573499, 10695260, 1583380, -952615, 13231255, 2179, 14816814, -2538174, 2538174, 6442327254276, 20.6715),
	(7987, 19, 10403797, 10488648, 287606, -1087754, 11864008, 2542, 12154156, -1377902, 1377902, 1898613921604, 12.7865),
	(7988, 20, 10234723, 10319260, 871256, -1742900, 12933416, 2905, 13807577, -2617061, 2617061, 6849008277721, 23.3864),
	(7989, 21, 10051414, 10143069, 270719, -1040024, 11453812, 3268, 11727799, -1314011, 1314011, 1726624908121, 12.618),
	(7990, 22, 9872711, 9962063, -137247, -298955, 10123771, 3631, 9990155, -165339, 165339, 27336984921, 1.68287),
	(7991, 23, 9712556, 9792634, -376400, -492692, 9908926, 3994, 9536520, -120286, 120286, 14468721796, 1.27743),
	(7992, 24, 9494024, 9603290, -614832, 882290, 8106168, 4357, 7495693, 1492765, 1492765, 2228347345225, 16.6076),
	(7993, 25, 9492728, 9493376, -1106257, 3131281, 5255838, 363, 4149944, 4237175, 4237175, 17953651980625, 50.52),
	(7994, 26, 9528071, 9510400, -986822, 12466, 8511112, 726, 7525016, 998562, 998562, 997126067844, 11.7153),
	(7995, 27, 9698696, 9613384, -446863, 1053543, 8112978, 1089, 7667204, 1499317, 1499317, 2247951466489, 16.3564),
	(7996, 28, 10042731, 9870714, -1588899, 924230, 7357585, 1452, 5770138, 2511677, 2511677, 6308521352329, 30.3276),
	(7997, 29, 10498978, 10270855, -967925, 614430, 8688500, 1815, 7722390, 1580540, 1580540, 2498106691600, 16.9897),
	(7998, 30, 11113347, 10806163, -1149907, -990839, 10647095, 2179, 9499367, 156889, 156889, 24614158321, 1.62474),
	(7999, 31, 11548984, 11331166, -570456, -952615, 11713325, 2542, 11145411, -384701, 384701, 147994859401, 3.57505),
	(8000, 32, 12019444, 11784214, -169586, -1087754, 12702382, 2905, 12535701, -921073, 921073, 848375471329, 7.93028),
	(8001, 33, 12328971, 12174208, 287080, -1742900, 14204188, 3268, 14494536, -2033248, 2033248, 4134097429504, 16.3165),
	(8002, 34, 12561791, 12445381, 1507859, -1040024, 14993264, 3631, 16504754, -2551514, 2551514, 6510223692196, 18.2862),
	(8003, 35, 12969913, 12765852, 2125344, -298955, 15190151, 3994, 17319489, -2428293, 2428293, 5896606893849, 16.3069),
	(8004, 36, 13162371, 13066142, 3294736, -492692, 16853570, 4357, 20152663, -3791785, 3791785, 14377633486225, 23.1759),
	(8005, 37, 13353223, 13257797, 356973, 882290, 12732480, 363, 13089816, 524954, 524954, 275576702116, 3.85577),
	(8006, 38, 13582764, 13467994, 701096, 3131281, 11037809, 726, 11739631, 2429459, 2429459, 5902271032681, 17.1462),
	(8007, 39, 13701359, 13642062, -761212, 12466, 12868384, 1089, 12108261, 772589, 772589, 596893762921, 5.99797),
	(8008, 40, 13797455, 13749407, -2673757, 1053543, 10022107, 1452, 7349802, 3725848, 3725848, 13881943319104, 33.64),
	(8009, 41, 14329482, 14063469, 136931, 924230, 13276170, 1815, 13414916, 785484, 785484, 616985114256, 5.53142),
	(8010, 42, 14664686, 14497084, -2531334, 614430, 11351320, 2179, 8822165, 3143585, 3143585, 9882126652225, 26.2715),
	(8011, 43, 15191218, 14927952, -1877022, -990839, 14041769, 2542, 12167289, 883641, 883641, 780821416881, 6.77071),
	(8012, 44, 15487529, 15339374, -970244, -952615, 15321745, 2905, 14354406, 14724, 14724, 216796176, 0.10247),
	(8013, 45, 15752299, 15619914, -1735494, -1087754, 14972174, 3268, 13239948, 644472, 644472, 415344158784, 4.64169),
	(8014, 46, 16082202, 15917251, -810861, -1742900, 16849290, 3631, 16042060, -935670, 935670, 875478348900, 6.19387),
	(8015, 47, 15992137, 16037170, 5238360, -1040024, 22315554, 3994, 27557908, -6282378, 6282378, 39468273334884, 29.5287),
	(8016, 48, 16183582, 16087860, 4295460, -298955, 20682275, 4357, 24982092, -4598772, 4598772, 21148703907984, 22.5614),
	(8017, 49, 16083891, 16133737, 3799423, -492692, 20425852, 363, 24225638, -4292478, 4292478, 18425367380484, 21.5344),
	(8018, 50, 16010140, 16047016, 1677798, 882290, 16842524, 726, 18521048, -796234, 796234, 633988582756, 4.4922),
	(8019, 51, 15896360, 15953250, 104840, 3131281, 12926809, 1089, 13032738, 3025352, 3025352, 9152754723904, 18.84),
	(8020, 52, 15751364, 15823862, -789372, 12466, 15022024, 1452, 14234104, 800386, 800386, 640617748996, 5.32367),
	(8021, 53, 15051202, 15401283, -2281663, 1053543, 12066077, 1815, 9786229, 3333391, 3333391, 11111495558881, 25.4077),
	(8022, 54, 14748450, 14899826, -636736, 924230, 13338860, 2179, 12704303, 1558787, 1558787, 2429816911369, 10.9288),
	(8023, 55, 14204806, 14476628, -2621988, 614430, 11240210, 2542, 8620764, 3233876, 3233876, 10457953983376, 27.2794),
	(8024, 56, 13909826, 14057316, -573206, -990839, 14474949, 2905, 13904648, -420538, 420538, 176852209444, 3.11877),
	(8025, 57, 13736010, 13822918, -1303858, -952615, 13471675, 3268, 12171085, 347975, 347975, 121086600625, 2.77956),
	(8026, 58, 13480582, 13608296, -241855, -1087754, 14454195, 3631, 14215971, -849530, 849530, 721701220900, 6.35569),
	(8027, 59, 13401021, 13440802, -567212, -1742900, 14616490, 3994, 14053272, -1179682, 1179682, 1391649621124, 9.16358),
	(8028, 60, 13312681, 13356851, 3393439, -1040024, 17790314, 4357, 21188110, -4437820, 4437820, 19694246352400, 26.494),
	(8029, 61, 13250488, 13281585, 127855, -298955, 13708395, 363, 13836613, -427173, 427173, 182476771929, 3.18561),
	(8030, 62, 13219845, 13235167, 949883, -492692, 14677742, 726, 15628351, -1443301, 1443301, 2083117776601, 10.1748),
	(8031, 63, 13400530, 13310188, 662112, 882290, 13090010, 1089, 13753211, 219089, 219089, 47999989921, 1.56802),
	(8032, 64, 13546393, 13473462, -1504112, 3131281, 8838069, 1452, 7335409, 4633941, 4633941, 21473409191481, 38.7151),
	(8033, 65, 13821784, 13684089, -1519199, 12466, 12152424, 1815, 10635040, 1529850, 1529850, 2340441022500, 12.5759),
	(8034, 66, 14546737, 14184261, -981251, 1053543, 12149467, 2179, 11170395, 2032615, 2032615, 4131523738225, 15.3951),
	(8035, 67, 15156122, 14851430, -3743100, 924230, 10184100, 2542, 6443542, 4664788, 4664788, 21760247084944, 41.9936),
	(8036, 68, 15756978, 15456550, -2340160, 614430, 12501960, 2905, 10164705, 2951685, 2951685, 8712444339225, 22.5038),
	(8037, 69, 16239770, 15998374, -1311094, -990839, 15678119, 3268, 14370293, 316987, 316987, 100480758169, 2.15824),
	(8038, 70, 16677160, 16458465, -1341675, -952615, 16069405, 3631, 14731361, 385429, 385429, 148555514041, 2.54967),
	(8039, 71, 16977774, 16827467, -649177, -1087754, 17266044, 3994, 16620861, -442571, 442571, 195869090041, 2.73559),
	(8040, 72, 16972571, 16975173, 8474547, -1742900, 27192620, 4357, 35671524, -10221804, 10221804, 104485277014416, 40.1647),
	(8041, 73, 16998989, 16985780, 3736280, -1040024, 21762084, 363, 25498727, -4776667, 4776667, 22816547628889, 23.0511),
	(8042, 74, 16657563, 16828276, 4567054, -298955, 21694285, 726, 26262065, -4866735, 4866735, 23685109560225, 22.7467),
	(8043, 75, 16585829, 16621696, 3144104, -492692, 20258492, 1089, 23403685, -3637885, 3637885, 13234207273225, 18.4049),
	(8044, 76, 16162395, 16374112, 843918, 882290, 16335740, 1452, 17181110, 36920, 36920, 1363086400, 0.214426),
	(8045, 77, 15800458, 15981427, -209167, 3131281, 12640979, 1815, 12433627, 3338633, 3338633, 11146470308689, 21.1678),
	(8046, 78, 14745728, 15273093, -2132523, 12466, 13128104, 2179, 10997760, 2142810, 2142810, 4591634696100, 16.3068),
	(8047, 79, 13982294, 14364011, -2938661, 1053543, 10371807, 2542, 7435688, 3989662, 3989662, 15917402874244, 34.9194),
	(8048, 80, 13082918, 13532606, -4513326, 924230, 8095050, 2905, 3584629, 5434651, 5434651, 29535431491801, 60.2559),
	(8049, 81, 12421908, 12752413, 1074057, 614430, 13212040, 3268, 14289365, -462895, 462895, 214271781025, 3.34789),
	(8050, 82, 11812810, 12117359, -2081779, -990839, 11026419, 3631, 8948271, 1087309, 1087309, 1182240861481, 10.8345),
	(8051, 83, 11218768, 11515789, 319261, -952615, 12787665, 3994, 13110920, -1275870, 1275870, 1627844256900, 10.7804),
	(8052, 84, 10915095, 11066932, 1726018, -1087754, 13880704, 4357, 15611079, -2818129, 2818129, 7941851060641, 22.0288),
	(8053, 85, 10651565, 10783330, 777530, -1742900, 13303760, 363, 14081653, -2520793, 2520793, 6354397348849, 21.8045),
	(8054, 86, 10871753, 10761659, -158839, -1040024, 11642844, 726, 11484731, -881911, 881911, 777767011921, 8.3177),
	(8055, 87, 10635231, 10753492, 1080178, -298955, 12132625, 1089, 13213892, -1380222, 1380222, 1905012769284, 11.6635),
	(8056, 88, 10827133, 10731182, -822322, -492692, 10401552, 1452, 9580682, 328178, 328178, 107700799684, 3.31197),
	(8057, 89, 11013263, 10920198, -2276448, 882290, 7761460, 1815, 5486827, 3156923, 3156923, 9966162827929, 36.5226),
	(8058, 90, 11686076, 11349670, -1853170, 3131281, 6365219, 2179, 4514228, 4982272, 4982272, 24823034281984, 52.4643),
	(8059, 91, 0, 0, 0, 12466, 8250524, 2542, 8253066, 9924, 9924, 98485776, 0.120102),
	(8060, 92, 0, 0, 0, 1053543, 10607987, 2905, 10610892, 1050638, 1050638, 1103840207044, 9.00944),
	(8061, 93, 0, 0, 0, 924230, 10063980, 3268, 10067248, 920962, 920962, 848171005444, 8.38136),
	(8062, 94, 0, 0, 0, 614430, 11723980, 3631, 11727611, 610799, 610799, 373075418401, 4.95039),
	(8063, 95, 0, 0, 0, -990839, 15059449, 3994, 15063443, -994833, 994833, 989692697889, 7.0713),
	(8064, 96, 0, 0, 0, -952615, 21819315, 4357, 21823672, -956972, 956972, 915795408784, 4.58612);

-- Dumping structure for table forecasting2.td_dma
CREATE TABLE IF NOT EXISTS `td_dma` (
  `id_dma` int(11) NOT NULL AUTO_INCREMENT,
  `id_data` int(11) NOT NULL,
  `ma2` int(11) DEFAULT NULL,
  `dma2` int(11) DEFAULT NULL,
  `a` int(11) DEFAULT NULL,
  `b` int(11) DEFAULT NULL,
  `ft` int(11) DEFAULT NULL,
  `error` int(11) DEFAULT NULL,
  `mape` float DEFAULT NULL,
  PRIMARY KEY (`id_dma`)
) ENGINE=InnoDB AUTO_INCREMENT=3457 DEFAULT CHARSET=utf8mb4 COLLATE=utf8mb4_general_ci;

-- Dumping data for table forecasting2.td_dma: ~96 rows (approximately)
INSERT INTO `td_dma` (`id_dma`, `id_data`, `ma2`, `dma2`, `a`, `b`, `ft`, `error`, `mape`) VALUES
	(3361, 1, 9758654, 0, NULL, NULL, NULL, NULL, NULL),
	(3362, 2, 10226899, 10226899, NULL, NULL, NULL, NULL, NULL),
	(3363, 3, 9652145, 9652145, NULL, NULL, NULL, NULL, NULL),
	(3364, 4, 7948556, 7948556, NULL, NULL, NULL, NULL, NULL),
	(3365, 5, 10910157, 10910157, NULL, NULL, NULL, NULL, NULL),
	(3366, 6, 9471515, 9471515, NULL, NULL, NULL, NULL, NULL),
	(3367, 7, 9277109, 9277109, NULL, NULL, NULL, NULL, NULL),
	(3368, 8, 10470156, 10470156, NULL, NULL, NULL, NULL, NULL),
	(3369, 9, 10765950, 10765950, NULL, NULL, NULL, NULL, NULL),
	(3370, 10, 9971420, 9971420, NULL, NULL, NULL, NULL, NULL),
	(3371, 11, 10516901, 10516901, NULL, NULL, NULL, NULL, NULL),
	(3372, 12, 11910720, 11910720, NULL, NULL, NULL, NULL, NULL),
	(3373, 13, 10423546, 10423546, NULL, NULL, NULL, NULL, NULL),
	(3374, 14, 10552470, 10552470, NULL, NULL, NULL, NULL, NULL),
	(3375, 15, 11366222, 11366222, NULL, NULL, NULL, NULL, NULL),
	(3376, 16, 10426260, 10426260, NULL, NULL, NULL, NULL, NULL),
	(3377, 17, 11224788, 11224788, NULL, NULL, NULL, NULL, NULL),
	(3378, 18, 12278640, 12278640, NULL, NULL, NULL, NULL, NULL),
	(3379, 19, 10776254, 10776254, NULL, NULL, NULL, NULL, NULL),
	(3380, 20, 11190516, 11190516, NULL, NULL, NULL, NULL, NULL),
	(3381, 21, 10413788, 10413788, NULL, NULL, NULL, NULL, NULL),
	(3382, 22, 9824816, 9824816, NULL, NULL, NULL, NULL, NULL),
	(3383, 23, 9416234, 9416234, NULL, NULL, NULL, NULL, NULL),
	(3384, 24, 8988458, 8988458, NULL, NULL, NULL, NULL, NULL),
	(3385, 25, 8387119, 8387119, NULL, NULL, NULL, NULL, NULL),
	(3386, 26, 8523578, 8523578, NULL, NULL, NULL, NULL, NULL),
	(3387, 27, 9166521, 9166521, NULL, NULL, NULL, NULL, NULL),
	(3388, 28, 8281815, 8281815, NULL, NULL, NULL, NULL, NULL),
	(3389, 29, 9302930, 9302930, NULL, NULL, NULL, NULL, NULL),
	(3390, 30, 9656256, 9656256, NULL, NULL, NULL, NULL, NULL),
	(3391, 31, 10760710, 10760710, NULL, NULL, NULL, NULL, NULL),
	(3392, 32, 11614628, 11614628, NULL, NULL, NULL, NULL, NULL),
	(3393, 33, 12461288, 12461288, NULL, NULL, NULL, NULL, NULL),
	(3394, 34, 13953240, 13953240, NULL, NULL, NULL, NULL, NULL),
	(3395, 35, 14891196, 14891196, NULL, NULL, NULL, NULL, NULL),
	(3396, 36, 16360878, 16360878, NULL, NULL, NULL, NULL, NULL),
	(3397, 37, 13614770, 13614770, NULL, NULL, NULL, NULL, NULL),
	(3398, 38, 14169090, 14169090, NULL, NULL, NULL, NULL, NULL),
	(3399, 39, 12880850, 12880850, NULL, NULL, NULL, NULL, NULL),
	(3400, 40, 11075650, 11075650, NULL, NULL, NULL, NULL, NULL),
	(3401, 41, 14200400, 14200400, NULL, NULL, NULL, NULL, NULL),
	(3402, 42, 11965750, 11965750, NULL, NULL, NULL, NULL, NULL),
	(3403, 43, 13050930, 13050930, NULL, NULL, NULL, NULL, NULL),
	(3404, 44, 14369130, 14369130, NULL, NULL, NULL, NULL, NULL),
	(3405, 45, 13884420, 13884420, NULL, NULL, NULL, NULL, NULL),
	(3406, 46, 15106390, 15106390, NULL, NULL, NULL, NULL, NULL),
	(3407, 47, 21275530, 21275530, NULL, NULL, NULL, NULL, NULL),
	(3408, 48, 20383320, 20383320, NULL, NULL, NULL, NULL, NULL),
	(3409, 49, 19933160, 19933160, NULL, NULL, NULL, NULL, NULL),
	(3410, 50, 17724814, 17724814, NULL, NULL, NULL, NULL, NULL),
	(3411, 51, 16058090, 16058090, NULL, NULL, NULL, NULL, NULL),
	(3412, 52, 15034490, 15034490, NULL, NULL, NULL, NULL, NULL),
	(3413, 53, 13119620, 13119620, NULL, NULL, NULL, NULL, NULL),
	(3414, 54, 14263090, 14263090, NULL, NULL, NULL, NULL, NULL),
	(3415, 55, 11854640, 11854640, NULL, NULL, NULL, NULL, NULL),
	(3416, 56, 13484110, 13484110, NULL, NULL, NULL, NULL, NULL),
	(3417, 57, 12519060, 12519060, NULL, NULL, NULL, NULL, NULL),
	(3418, 58, 13366441, 13366441, NULL, NULL, NULL, NULL, NULL),
	(3419, 59, 12873590, 12873590, NULL, NULL, NULL, NULL, NULL),
	(3420, 60, 16750290, 16750290, NULL, NULL, NULL, NULL, NULL),
	(3421, 61, 13409440, 13409440, NULL, NULL, NULL, NULL, NULL),
	(3422, 62, 14185050, 14185050, NULL, NULL, NULL, NULL, NULL),
	(3423, 63, 13972300, 13972300, NULL, NULL, NULL, NULL, NULL),
	(3424, 64, 11969350, 11969350, NULL, NULL, NULL, NULL, NULL),
	(3425, 65, 12164890, 12164890, NULL, NULL, NULL, NULL, NULL),
	(3426, 66, 13203010, 13203010, NULL, NULL, NULL, NULL, NULL),
	(3427, 67, 11108330, 11108330, NULL, NULL, NULL, NULL, NULL),
	(3428, 68, 13116390, 13116390, NULL, NULL, NULL, NULL, NULL),
	(3429, 69, 14687280, 14687280, NULL, NULL, NULL, NULL, NULL),
	(3430, 70, 15116790, 15116790, NULL, NULL, NULL, NULL, NULL),
	(3431, 71, 16178290, 16178290, NULL, NULL, NULL, NULL, NULL),
	(3432, 72, 25449720, 25449720, NULL, NULL, NULL, NULL, NULL),
	(3433, 73, 20722060, 20722060, NULL, NULL, NULL, NULL, NULL),
	(3434, 74, 21395330, 21395330, NULL, NULL, NULL, NULL, NULL),
	(3435, 75, 19765800, 19765800, NULL, NULL, NULL, NULL, NULL),
	(3436, 76, 17218030, 17218030, NULL, NULL, NULL, NULL, NULL),
	(3437, 77, 15772260, 15772260, NULL, NULL, NULL, NULL, NULL),
	(3438, 78, 13140570, 13140570, NULL, NULL, NULL, NULL, NULL),
	(3439, 79, 11425350, 11425350, NULL, NULL, NULL, NULL, NULL),
	(3440, 80, 9019280, 9019280, NULL, NULL, NULL, NULL, NULL),
	(3441, 81, 13826470, 13826470, NULL, NULL, NULL, NULL, NULL),
	(3442, 82, 10035580, 10035580, NULL, NULL, NULL, NULL, NULL),
	(3443, 83, 11835050, 11835050, NULL, NULL, NULL, NULL, NULL),
	(3444, 84, 12792950, 12792950, NULL, NULL, NULL, NULL, NULL),
	(3445, 85, 11560860, 11560860, NULL, NULL, NULL, NULL, NULL),
	(3446, 86, 10602820, 10602820, NULL, NULL, NULL, NULL, NULL),
	(3447, 87, 11833670, 11833670, NULL, NULL, NULL, NULL, NULL),
	(3448, 88, 9908860, 9908860, NULL, NULL, NULL, NULL, NULL),
	(3449, 89, 8643750, 8643750, NULL, NULL, NULL, NULL, NULL),
	(3450, 90, 9496500, 9496500, NULL, NULL, NULL, NULL, NULL),
	(3451, 91, 8262990, 8262990, NULL, NULL, NULL, NULL, NULL),
	(3452, 92, 11661530, 11661530, NULL, NULL, NULL, NULL, NULL),
	(3453, 93, 10988210, 10988210, NULL, NULL, NULL, NULL, NULL),
	(3454, 94, 12338410, 12338410, NULL, NULL, NULL, NULL, NULL),
	(3455, 95, 14068610, 14068610, NULL, NULL, NULL, NULL, NULL),
	(3456, 96, 20866700, 20866700, NULL, NULL, NULL, NULL, NULL);

/*!40103 SET TIME_ZONE=IFNULL(@OLD_TIME_ZONE, 'system') */;
/*!40101 SET SQL_MODE=IFNULL(@OLD_SQL_MODE, '') */;
/*!40014 SET FOREIGN_KEY_CHECKS=IFNULL(@OLD_FOREIGN_KEY_CHECKS, 1) */;
/*!40101 SET CHARACTER_SET_CLIENT=@OLD_CHARACTER_SET_CLIENT */;
/*!40111 SET SQL_NOTES=IFNULL(@OLD_SQL_NOTES, 1) */;
